Reports,,,,,,,,Results,,,,,,,,,,,,,,,
,Report ID,BUGID,County,FIPS,Month,Year,,,Result ID,Bug,Tested,Infected,Species,,Gerstaeckeri ,1,,Indictiva ,2,Lecticularia ,3,Sanguisuga ,4
,,1,Jim Wells,48249,July,2012,,,,95,0,,gerstaeckeri,,,,,,,,,,
,,2,Bandera,48019,July,2012,,,,96,0,,gerstaeckeri,,Species ID,Bug ID,Month ID,Year ID,FIPS,Tested,Infected,,
,,3,Bandera,48019,June,2012,,,,97,0,,gerstaeckeri,,,,,,,,,,
,,4,Bandera,48019,,2012,,,,98,0,,gerstaeckeri,,,,,,,,,,
,,5,Blanco,48031,July,2012,,,,99,0,,lecticularia,,,,,,,,,,
,,6,Hildago,48215,September,2012,,,,100,0,,gerstaeckeri,,Month-Date,,,Year-Date,,,,,
,,7,Brazos,48041,December,2012,,,,PS001,0,,sanguisuga,,Month,MonthID,,Year-Date,YearID,,,,
,,8,Hildago,48215,April,2013,,,,Parker001,0,,gerstaeckeri,,January,1,,2013,1,,,,
,,9,Hildago,48215,April,2013,,,,Parker002,0,,gerstaeckeri,,February,2,,2014,2,,,,
,,10,,,,,,,,Parker002-2,0,,,,March,3,,,,,,,
,,11,Hildago,48215,April,2013,,,,Parker003,0,,gerstaeckeri,,April,4,,,,,,,
,,12,Hildago,48215,April,2013,,,,Parker004,0,,gerstaeckeri,,May,5,,,,,,,
,,13,Hildago,48215,April,2013,,,,Parker005,0,,gerstaeckeri,,June,6,,,,,,,
,,14,Hildago,48215,April,2013,,,,Parker006,0,,gerstaeckeri,,July,7,,,,,,,
,,15,Hildago,48215,April,2013,,,,Parker007,0,,gerstaeckeri,,August,8,,,,,,,
,,16,Hildago,48215,April,2013,,,,Parker008,0,,gerstaeckeri,,September ,9,,,,,,,
,,17,Hildago,48215,April,2013,,,,Parker009,0,,gerstaeckeri,,October,10,,,,,,,
,,18,Hildago,48215,April,2013,,,,Parker010,0,,gerstaeckeri,,November,11,,,,,,,
,,19,Hildago,48215,April,2013,,,,Parker011,0,,gerstaeckeri,,December,12,,,,,,,
,,20,Hildago,48215,April,2013,,,,Parker012,0,,gerstaeckeri,,,,,,,,,,
,,21,Hildago,48215,April,2013,,,,Parker013,0,,gerstaeckeri,,,,,,,,,,
,,22,Hildago,48215,April,2013,,,,Parker014,0,,gerstaeckeri,,,,,,,,,,
,,23,Hildago,48215,April,2013,,,,Parker015,0,,gerstaeckeri,,,,,,,,,,
,,24,Brazos,48041,May,2013,,,,PS002,0,,sanguisuga,,,,,,,,,,
,,25,Hildago,48215,April,2013,,,,Parker016,0,,gerstaeckeri,,,,,,,,,,
,,26,Hildago,48215,April,2013,,,,Parker017,0,,gerstaeckeri,,,,,,,,,,
,,27,Hildago,48215,April,2013,,,,Parker018,0,,gerstaeckeri,,,,,,,,,,
,,28,Hildago,48215,April,2013,,,,Parker019,0,,gerstaeckeri,,,,,,,,,,
,,29,Hildago,48215,April,2013,,,,Parker020,0,,gerstaeckeri,,,,,,,,,,
,,30,Hildago,48215,April,2013,,,,Parker021,0,,gerstaeckeri,,,,,,,,,,
,,31,Hildago,48215,April,2013,,,,Parker022,0,,gerstaeckeri,,,,,,,,,,
,,32,Hildago,48215,April,2013,,,,Parker023,0,,gerstaeckeri,,,,,,,,,,
,,33,Hildago,48215,April,2013,,,,Parker024,0,,gerstaeckeri,,,,,,,,,,
,,34,Hildago,48215,April,2013,,,,Parker025,0,,gerstaeckeri,,,,,,,,,,
,,35,Hildago,48215,April,2013,,,,Parker026,0,,gerstaeckeri,,,,,,,,,,
,,36,Hildago,48215,April,2013,,,,Parker027,0,,gerstaeckeri,,,,,,,,,,
,,37,Hildago,48215,April,2013,,,,Parker028,0,,gerstaeckeri,,,,,,,,,,
,,38,Hildago,48215,April,2013,,,,Parker029,0,,gerstaeckeri,,,,,,,,,,
,,39,Hildago,48215,May,2013,,,,Parker030,0,,gerstaeckeri,,,,,,,,,,
,,40,Hildago,48215,May,2013,,,,Parker031,0,,gerstaeckeri,,,,,,,,,,
,,41,Hildago,48215,May,2013,,,,Parker032,0,,gerstaeckeri,,,,,,,,,,
,,42,Hildago,48215,May,2013,,,,Parker033,0,,gerstaeckeri,,,,,,,,,,
,,43,Hildago,48215,May,2013,,,,Parker034,0,,gerstaeckeri,,,,,,,,,,
,,44,Hildago,48215,May,2013,,,,Parker035,0,,gerstaeckeri,,,,,,,,,,
,,45,Hildago,48215,May,2013,,,,Parker036,0,,gerstaeckeri,,,,,,,,,,
,,46,Hildago,48215,May,2013,,,,Parker037,0,,gerstaeckeri,,,,,,,,,,
,,47,Hildago,48215,May,2013,,,,Parker038,0,,gerstaeckeri,,,,,,,,,,
,,48,Hildago,48215,May,2013,,,,Parker039,0,,gerstaeckeri,,,,,,,,,,
,,49,Hildago,48215,May,2013,,,,Parker040,0,,gerstaeckeri,,,,,,,,,,
,,50,Hildago,48215,May,2013,,,,Parker041,0,,gerstaeckeri,,,,,,,,,,
,,51,Hildago,48215,April,2013,,,,Parker042,0,,gerstaeckeri,,,,,,,,,,
,,52,Hildago,48215,April,2013,,,,Parker043,0,,gerstaeckeri,,,,,,,,,,
,,53,Hildago,48215,April,2013,,,,Parker044,0,,gerstaeckeri,,,,,,,,,,
,,54,Hildago,48215,April,2013,,,,Parker045,0,,gerstaeckeri,,,,,,,,,,
,,55,Hildago,48215,April,2013,,,,Parker046,0,,gerstaeckeri,,,,,,,,,,
,,56,Hildago,48215,April,2013,,,,Parker047,0,,gerstaeckeri,,,,,,,,,,
,,57,Hildago,48215,April,2013,,,,Parker048,0,,gerstaeckeri,,,,,,,,,,
,,58,Hildago,48215,April,2013,,,,Parker049,0,,gerstaeckeri,,,,,,,,,,
,,59,Hildago,48215,April,2013,,,,Parker050,0,,gerstaeckeri,,,,,,,,,,
,,60,Hildago,48215,May,2013,,,,Parker051,0,,gerstaeckeri,,,,,,,,,,
,,61,Hildago,48215,May,2013,,,,Parker052,0,,gerstaeckeri,,,,,,,,,,
,,62,Hildago,48215,May,2013,,,,Parker053,0,,nymph,,,,,,,,,,
,,63,Hildago,48215,May,2013,,,,Parker054,0,,gerstaeckeri,,,,,,,,,,
,,64,Hildago,48215,May,2013,,,,Parker055,0,,gerstaeckeri,,,,,,,,,,
,,65,Hildago,48215,May,2013,,,,Parker056,0,,gerstaeckeri,,,,,,,,,,
,,66,Hildago,48215,May,2013,,,,Parker057,0,,gerstaeckeri,,,,,,,,,,
,,67,Hildago,48215,May,2013,,,,Parker058,0,,gerstaeckeri,,,,,,,,,,
,,68,Hildago,48215,May,2013,,,,Parker059,0,,gerstaeckeri,,,,,,,,,,
,,69,Hildago,48215,May,2013,,,,Parker060,0,,gerstaeckeri,,,,,,,,,,
,,70,Hildago,48215,May,2013,,,,Parker061,1,0,gerstaeckeri,,,,,,,,,,
,,71,Hildago,48215,May,2013,,,,Parker062,0,,gerstaeckeri,,,,,,,,,,
,,72,Hildago,48215,May,2013,,,,Parker063,0,,gerstaeckeri,,,,,,,,,,
,,73,Hildago,48215,May,2013,,,,Parker064,0,,gerstaeckeri,,,,,,,,,,
,,74,Hildago,48215,May,2013,,,,Parker065,0,,gerstaeckeri,,,,,,,,,,
,,75,Hildago,48215,May,2013,,,,Parker066,0,,gerstaeckeri,,,,,,,,,,
,,76,Hildago,48215,May,2013,,,,Parker067,0,,gerstaeckeri,,,,,,,,,,
,,77,Hildago,48215,May,2013,,,,Parker068,0,,gerstaeckeri,,,,,,,,,,
,,78,Hildago,48215,May,2013,,,,Parker069,0,,gerstaeckeri,,,,,,,,,,
,,79,Hildago,48215,May,2013,,,,Parker070,0,,gerstaeckeri,,,,,,,,,,
,,80,Hildago,48215,May,2013,,,,Parker071,0,,unknown,,,,,,,,,,
,,81,Hildago,48215,May,2013,,,,Parker072,0,,gerstaeckeri,,,,,,,,,,
,,82,Hildago,48215,May,2013,,,,Parker073,0,,gerstaeckeri,,,,,,,,,,
,,83,Hildago,48215,May,2013,,,,Parker074,0,,gerstaeckeri,,,,,,,,,,
,,84,Hildago,48215,May,2013,,,,Parker075,0,,gerstaeckeri,,,,,,,,,,
,,85,Hildago,48215,May,2013,,,,Parker076,0,,gerstaeckeri,,,,,,,,,,
,,86,Hildago,48215,May,2013,,,,Parker077,1,1,unknown,,,,,,,,,,
,,87,Hildago,48215,May,2013,,,,Parker078,0,,gerstaeckeri,,,,,,,,,,
,,88,Hildago,48215,May,2013,,,,Parker079,0,,unknown,,,,,,,,,,
,,89,Hildago,48215,,,,,,Parker080,0,,unknown,,,,,,,,,,
,,90,Hildago,48215,May,2013,,,,Parker081,0,,gerstaeckeri,,,,,,,,,,
,,91,Hildago,48215,,,,,,Parker082,0,,unknown,,,,,,,,,,
,,92,Hildago,48215,May,2013,,,,Parker083,0,,gerstaeckeri,,,,,,,,,,
,,93,Hildago,48215,May,2013,,,,Parker084,0,,unknown,,,,,,,,,,
,,94,Hildago,48215,May,2013,,,,Parker085,0,,unknown,,,,,,,,,,
,,95,Hildago,48215,May,2013,,,,Parker086,0,,unknown,,,,,,,,,,
,,96,Hildago,48215,May,2013,,,,Parker087,0,,gerstaeckeri,,,,,,,,,,
,,97,Hildago,48215,May,2013,,,,Parker088,0,,unknown,,,,,,,,,,
,,98,Hildago,48215,May,2013,,,,Parker089,0,,gerstaeckeri,,,,,,,,,,
,,99,Hildago,48215,May,2013,,,,Parker090,0,,unknown,,,,,,,,,,
,,100,Hildago,48215,May,2013,,,,Parker091,0,,gerstaeckeri,,,,,,,,,,
,,101,Hildago,48215,May,2013,,,,Parker092,0,,unknown,,,,,,,,,,
,,102,Hildago,48215,May,2013,,,,Parker093,0,,gerstaeckeri,,,,,,,,,,
,,103,Hildago,48215,May,2013,,,,Parker094,0,,gerstaeckeri,,,,,,,,,,
,,104,Hildago,48215,May,2013,,,,Parker095,0,,gerstaeckeri,,,,,,,,,,
,,105,Hildago,48215,May,2013,,,,Parker096,0,,gerstaeckeri,,,,,,,,,,
,,106,Hildago,48215,May,2013,,,,Parker097,0,,gerstaeckeri,,,,,,,,,,
,,107,Hildago,48215,May,2013,,,,Parker098,0,,gerstaeckeri,,,,,,,,,,
,,108,Hildago,48215,May,2013,,,,Parker099,0,,gerstaeckeri,,,,,,,,,,
,,109,Hildago,48215,May,2013,,,,Parker100,1,1,gerstaeckeri,,,,,,,,,,
,,110,Hildago,48215,May,2013,,,,Parker101,0,,gerstaeckeri,,,,,,,,,,
,,111,Hildago,48215,May,2013,,,,Parker102,0,,gerstaeckeri,,,,,,,,,,
,,112,Hildago,48215,May,2013,,,,Parker103,0,,gerstaeckeri,,,,,,,,,,
,,113,Hildago,48215,May,2013,,,,Parker104,0,,gerstaeckeri,,,,,,,,,,
,,114,Hildago,48215,May,2013,,,,Parker105,0,,gerstaeckeri,,,,,,,,,,
,,115,Hildago,48215,May,2013,,,,Parker106,0,,gerstaeckeri,,,,,,,,,,
,,116,Hildago,48215,May,2013,,,,Parker107,0,,gerstaeckeri,,,,,,,,,,
,,117,Hildago,48215,May,2013,,,,Parker108,0,,gerstaeckeri,,,,,,,,,,
,,118,Hildago,48215,May,2013,,,,Parker109,1,1,gerstaeckeri,,,,,,,,,,
,,119,Hildago,48215,May,2013,,,,Parker110,0,,gerstaeckeri,,,,,,,,,,
,,120,Hildago,48215,May,2013,,,,Parker111,0,,gerstaeckeri,,,,,,,,,,
,,121,Hildago,48215,May,2013,,,,Parker112,0,,gerstaeckeri,,,,,,,,,,
,,122,Hildago,48215,May,2013,,,,Parker113,0,,gerstaeckeri,,,,,,,,,,
,,123,Hildago,48215,May,2013,,,,Parker114,0,,gerstaeckeri,,,,,,,,,,
,,124,Hildago,48215,May,2013,,,,Parker115,0,,gerstaeckeri,,,,,,,,,,
,,125,Hildago,48215,May,2013,,,,Parker116,0,,gerstaeckeri,,,,,,,,,,
,,126,Hildago,48215,May,2013,,,,Parker117,0,,gerstaeckeri,,,,,,,,,,
,,127,Hildago,48215,May,2013,,,,Parker118,0,,gerstaeckeri,,,,,,,,,,
,,128,Hildago,48215,May,2013,,,,Parker119,0,,gerstaeckeri,,,,,,,,,,
,,129,Hildago,48215,May,2013,,,,Parker120,0,,gerstaeckeri,,,,,,,,,,
,,130,Hildago,48215,May,2013,,,,Parker121,0,,gerstaeckeri,,,,,,,,,,
,,131,Hildago,48215,May,2013,,,,Parker122,0,,gerstaeckeri,,,,,,,,,,
,,132,Hildago,48215,May,2013,,,,Parker123,0,,gerstaeckeri,,,,,,,,,,
,,133,Hildago,48215,May,2013,,,,Parker124,0,,gerstaeckeri,,,,,,,,,,
,,134,Hildago,48215,May,2013,,,,Parker125,0,,gerstaeckeri,,,,,,,,,,
,,135,Hildago,48215,May,2013,,,,Parker126,0,,gerstaeckeri,,,,,,,,,,
,,136,Hildago,48215,May,2013,,,,Parker127,0,,gerstaeckeri,,,,,,,,,,
,,137,Hildago,48215,May,2013,,,,Parker128,0,,gerstaeckeri,,,,,,,,,,
,,138,Hildago,48215,May,2013,,,,Parker129,0,,gerstaeckeri,,,,,,,,,,
,,139,Hildago,48215,May,2013,,,,Parker130,0,,gerstaeckeri,,,,,,,,,,
,,140,Hildago,48215,May,2013,,,,Parker131,0,,gerstaeckeri,,,,,,,,,,
,,141,Hildago,48215,May,2013,,,,Parker132,0,,gerstaeckeri,,,,,,,,,,
,,142,Hildago,48215,June,2013,,,,Parker133,0,,gerstaeckeri,,,,,,,,,,
,,143,Hildago,48215,June,2013,,,,Parker134,1,1,gerstaeckeri,,,,,,,,,,
,,144,Hildago,48215,June,2013,,,,Parker135,0,,gerstaeckeri,,,,,,,,,,
,,145,Hildago,48215,June,2013,,,,Parker136,0,,gerstaeckeri,,,,,,,,,,
,,146,Hildago,48215,June,2013,,,,Parker137,0,,gerstaeckeri,,,,,,,,,,
,,147,Hildago,48215,June,2013,,,,Parker138,0,,gerstaeckeri,,,,,,,,,,
,,148,Hildago,48215,June,2013,,,,Parker139,0,,gerstaeckeri,,,,,,,,,,
,,149,Hildago,48215,June,2013,,,,Parker140,0,,gerstaeckeri,,,,,,,,,,
,,150,Hildago,48215,June,2013,,,,Parker141,0,,gerstaeckeri,,,,,,,,,,
,,151,Hildago,48215,June,2013,,,,Parker142,0,,gerstaeckeri,,,,,,,,,,
,,152,Hildago,48215,June,2013,,,,Parker143,1,1,gerstaeckeri,,,,,,,,,,
,,153,Hildago,48215,June,2013,,,,Parker144,0,,gerstaeckeri,,,,,,,,,,
,,154,Hildago,48215,June,2013,,,,Parker145,0,,gerstaeckeri,,,,,,,,,,
,,155,Hildago,48215,June,2013,,,,Parker146,0,,gerstaeckeri,,,,,,,,,,
,,156,Hildago,48215,June,2013,,,,Parker147,0,,unknown,,,,,,,,,,
,,157,Hildago,48215,June,2013,,,,Parker148,1,1,gerstaeckeri,,,,,,,,,,
,,158,Hildago,48215,June,2013,,,,Parker149,0,,gerstaeckeri,,,,,,,,,,
,,159,Hildago,48215,June,2013,,,,Parker150,0,,gerstaeckeri,,,,,,,,,,
,,160,Hildago,48215,June,2013,,,,Parker151,0,,gerstaeckeri,,,,,,,,,,
,,161,Hildago,48215,June,2013,,,,Parker152,0,,gerstaeckeri,,,,,,,,,,
,,162,Hildago,48215,June,2013,,,,Parker153,0,,gerstaeckeri,,,,,,,,,,
,,163,Hildago,48215,June,2013,,,,Parker154,0,,gerstaeckeri,,,,,,,,,,
,,164,Hildago,48215,June,2013,,,,Parker155,0,,gerstaeckeri,,,,,,,,,,
,,165,Hildago,48215,June,2013,,,,Parker156,0,,gerstaeckeri,,,,,,,,,,
,,166,Hildago,48215,June,2013,,,,Parker157,0,,gerstaeckeri,,,,,,,,,,
,,167,Hildago,48215,June,2013,,,,Parker158,0,,gerstaeckeri,,,,,,,,,,
,,168,Hildago,48215,June,2013,,,,Parker159,0,,gerstaeckeri,,,,,,,,,,
,,169,Hildago,48215,June,2013,,,,Parker160,0,,gerstaeckeri,,,,,,,,,,
,,170,Hildago,48215,June,2013,,,,Parker161,0,,gerstaeckeri,,,,,,,,,,
,,171,Hildago,48215,June,2013,,,,Parker162,0,,gerstaeckeri,,,,,,,,,,
,,172,Hildago,48215,June,2013,,,,Parker163,0,,gerstaeckeri,,,,,,,,,,
,,173,Hildago,48215,June,2013,,,,Parker164,0,,gerstaeckeri,,,,,,,,,,
,,174,Hildago,48215,June,2013,,,,Parker165,0,,gerstaeckeri,,,,,,,,,,
,,175,Hildago,48215,June,2013,,,,Parker166,0,,gerstaeckeri,,,,,,,,,,
,,176,Hildago,48215,June,2013,,,,Parker167,0,,gerstaeckeri,,,,,,,,,,
,,177,Hildago,48215,June,2013,,,,Parker168,0,,gerstaeckeri,,,,,,,,,,
,,178,Hildago,48215,June,2013,,,,Parker169,0,,gerstaeckeri,,,,,,,,,,
,,179,Hildago,48215,June,2013,,,,Parker170,0,,gerstaeckeri,,,,,,,,,,
,,180,Hildago,48215,June,2013,,,,Parker171,0,,gerstaeckeri,,,,,,,,,,
,,181,Hildago,48215,June,2013,,,,Parker172,0,,gerstaeckeri,,,,,,,,,,
,,182,Hildago,48215,June,2013,,,,Parker173,0,,gerstaeckeri,,,,,,,,,,
,,183,Hildago,48215,June,2013,,,,Parker174,0,,gerstaeckeri,,,,,,,,,,
,,184,Hildago,48215,June,2013,,,,Parker175,0,,gerstaeckeri,,,,,,,,,,
,,185,Hildago,48215,June,2013,,,,Parker176,0,,gerstaeckeri,,,,,,,,,,
,,186,Hildago,48215,June,2013,,,,Parker177,0,,gerstaeckeri,,,,,,,,,,
,,187,Hildago,48215,June,2013,,,,Parker178,0,,gerstaeckeri,,,,,,,,,,
,,188,Hildago,48215,June,2013,,,,Parker179,0,,gerstaeckeri,,,,,,,,,,
,,189,Hildago,48215,June,2013,,,,Parker180,0,,gerstaeckeri,,,,,,,,,,
,,190,Hildago,48215,June,2013,,,,Parker181,0,,gerstaeckeri,,,,,,,,,,
,,191,Hildago,48215,June,2013,,,,Parker182,0,,gerstaeckeri,,,,,,,,,,
,,192,Hildago,48215,June,2013,,,,Parker183,0,,gerstaeckeri,,,,,,,,,,
,,193,Hildago,48215,June,2013,,,,Parker184,0,,gerstaeckeri,,,,,,,,,,
,,194,Hildago,48215,June,2013,,,,Parker185,0,,gerstaeckeri,,,,,,,,,,
,,195,Hildago,48215,June,2013,,,,Parker186,0,,gerstaeckeri,,,,,,,,,,
,,196,Hildago,48215,June,2013,,,,Parker187,0,,gerstaeckeri,,,,,,,,,,
,,197,Hildago,48215,June,2013,,,,Parker188,0,,gerstaeckeri,,,,,,,,,,
,,198,Hildago,48215,June,2013,,,,Parker189,0,,gerstaeckeri,,,,,,,,,,
,,199,Hildago,48215,June,2013,,,,Parker190,0,,gerstaeckeri,,,,,,,,,,
,,200,Hildago,48215,June,2013,,,,Parker191,0,,gerstaeckeri,,,,,,,,,,
,,201,Hildago,48215,June,2013,,,,Parker192,0,,gerstaeckeri,,,,,,,,,,
,,202,Hildago,48215,June,2013,,,,Parker193,0,,gerstaeckeri,,,,,,,,,,
,,203,Hildago,48215,June,2013,,,,Parker194,0,,gerstaeckeri,,,,,,,,,,
,,204,Hildago,48215,June,2013,,,,Parker195,0,,gerstaeckeri,,,,,,,,,,
,,205,Hildago,48215,June,2013,,,,Parker196,0,,gerstaeckeri,,,,,,,,,,
,,206,Hildago,48215,June,2013,,,,Parker197,0,,gerstaeckeri,,,,,,,,,,
,,207,Hildago,48215,June,2013,,,,Parker198,0,,gerstaeckeri,,,,,,,,,,
,,208,Hildago,48215,June,2013,,,,Parker199,0,,gerstaeckeri,,,,,,,,,,
,,209,Hildago,48215,June,2013,,,,Parker200,0,,neotomae,,,,,,,,,,
,,210,Hildago,48215,June,2013,,,,Parker201,0,,gerstaeckeri,,,,,,,,,,
,,211,Hildago,48215,June,2013,,,,Parker202,0,,gerstaeckeri,,,,,,,,,,
,,212,Hildago,48215,June,2013,,,,Parker203,0,,gerstaeckeri,,,,,,,,,,
,,213,Hildago,48215,June,2013,,,,Parker204,0,,gerstaeckeri,,,,,,,,,,
,,214,Hildago,48215,June,2013,,,,Parker205,0,,gerstaeckeri,,,,,,,,,,
,,215,Hildago,48215,June,2013,,,,Parker206,0,,gerstaeckeri,,,,,,,,,,
,,216,Hildago,48215,June,2013,,,,Parker207,0,,gerstaeckeri,,,,,,,,,,
,,217,Hildago,48215,June,2013,,,,Parker208,0,,gerstaeckeri,,,,,,,,,,
,,218,Hildago,48215,June,2013,,,,Parker209,1,1,gerstaeckeri,,,,,,,,,,
,,219,Hildago,48215,June,2013,,,,Parker210,0,,gerstaeckeri,,,,,,,,,,
,,220,Hildago,48215,June,2013,,,,Parker211,0,,gerstaeckeri,,,,,,,,,,
,,221,Hildago,48215,June,2013,,,,Parker212,0,,gerstaeckeri,,,,,,,,,,
,,222,Hildago,48215,June,2013,,,,Parker213,0,,gerstaeckeri,,,,,,,,,,
,,223,Hildago,48215,June,2013,,,,Parker214,0,,gerstaeckeri,,,,,,,,,,
,,224,Hildago,48215,June,2013,,,,Parker215,0,,neotomae,,,,,,,,,,
,,225,Hildago,48215,June,2013,,,,Parker216,0,,gerstaeckeri,,,,,,,,,,
,,226,Hildago,48215,June,2013,,,,Parker217,0,,gerstaeckeri,,,,,,,,,,
,,227,Hildago,48215,June,2013,,,,Parker218,0,,gerstaeckeri,,,,,,,,,,
,,228,Hildago,48215,June,2013,,,,Parker219,0,,gerstaeckeri,,,,,,,,,,
,,229,Hildago,48215,June,2013,,,,Parker220,0,,gerstaeckeri,,,,,,,,,,
,,230,Hildago,48215,June,2013,,,,Parker221,0,,gerstaeckeri,,,,,,,,,,
,,231,Hildago,48215,June,2013,,,,Parker222,0,,gerstaeckeri,,,,,,,,,,
,,232,Hildago,48215,June,2013,,,,Parker223,0,,gerstaeckeri,,,,,,,,,,
,,233,Hildago,48215,June,2013,,,,Parker224,0,,gerstaeckeri,,,,,,,,,,
,,234,Hildago,48215,June,2013,,,,Parker225,0,,gerstaeckeri,,,,,,,,,,
,,235,Hildago,48215,June,2013,,,,Parker226,0,,gerstaeckeri,,,,,,,,,,
,,236,Hildago,48215,June,2013,,,,Parker227,0,,gerstaeckeri,,,,,,,,,,
,,237,Hildago,48215,,,,,,Parker228,0,,gerstaeckeri,,,,,,,,,,
,,238,Hildago,48215,June,2013,,,,Parker229,0,,gerstaeckeri,,,,,,,,,,
,,239,Hildago,48215,June,2013,,,,Parker230,0,,indictiva,,,,,,,,,,
,,240,Hildago,48215,,,,,,Parker231,0,,gerstaeckeri,,,,,,,,,,
,,241,Hildago,48215,June,2013,,,,Parker232,0,,gerstaeckeri,,,,,,,,,,
,,242,Hildago,48215,June,2013,,,,Parker233,0,,gerstaeckeri,,,,,,,,,,
,,243,Hildago,48215,June,2013,,,,Parker234,0,,gerstaeckeri,,,,,,,,,,
,,244,Hildago,48215,June,2013,,,,Parker235,0,,gerstaeckeri,,,,,,,,,,
,,245,Hildago,48215,June,2013,,,,Parker236,0,,gerstaeckeri,,,,,,,,,,
,,246,Hildago,48215,June,2013,,,,Parker237,0,,gerstaeckeri,,,,,,,,,,
,,247,Hildago,48215,June,2013,,,,Parker238,0,,gerstaeckeri,,,,,,,,,,
,,248,Hildago,48215,June,2013,,,,Parker239,0,,gerstaeckeri,,,,,,,,,,
,,249,Hildago,48215,June,2013,,,,Parker240,0,,gerstaeckeri,,,,,,,,,,
,,250,Hildago,48215,June,2013,,,,Parker241,0,,gerstaeckeri,,,,,,,,,,
,,251,Hildago,48215,June,2013,,,,Parker242,0,,gerstaeckeri,,,,,,,,,,
,,252,Hildago,48215,June,2013,,,,Parker243,0,,gerstaeckeri,,,,,,,,,,
,,253,Frio,48163,May,2013,,,,Parchman001,0,,unknown,,,,,,,,,,
,,254,Uvalde,48463,June,2013,,,,Barnes001,0,,unknown,,,,,,,,,,
,,255,Uvalde,48463,May,2013,,,,Barnes002,0,,gerstaeckeri,,,,,,,,,,
,,256,Uvalde,48463,May,2013,,,,Barnes003,1,1,gerstaeckeri,,,,,,,,,,
,,257,Uvalde,48463,May,2013,,,,Barnes004,0,,gerstaeckeri,,,,,,,,,,
,,258,Uvalde,48463,May,2013,,,,Barnes005,0,,gerstaeckeri,,,,,,,,,,
,,259,Uvalde,48463,May,2013,,,,Barnes006,0,,gerstaeckeri,,,,,,,,,,
,,260,Uvalde,48463,May,2013,,,,Barnes007,0,,gerstaeckeri,,,,,,,,,,
,,261,Uvalde,48463,May,2013,,,,Barnes008,0,,gerstaeckeri,,,,,,,,,,
,,262,Uvalde,48463,May,2013,,,,Barnes009,0,,gerstaeckeri,,,,,,,,,,
,,263,Uvalde,48463,May,2013,,,,Barnes010,0,,gerstaeckeri,,,,,,,,,,
,,264,Uvalde,48463,May,2013,,,,Barnes011,1,1,gerstaeckeri,,,,,,,,,,
,,265,Uvalde,48463,May,2013,,,,Barnes012,0,,gerstaeckeri,,,,,,,,,,
,,266,Uvalde,48463,May,2013,,,,Barnes013,0,,gerstaeckeri,,,,,,,,,,
,,267,Uvalde,48463,May,2013,,,,Barnes014,0,,gerstaeckeri,,,,,,,,,,
,,268,Uvalde,48463,May,2013,,,,Barnes015,0,,gerstaeckeri,,,,,,,,,,
,,269,,,May,2013,,,,Barnes015A,0,,gerstaeckeri,,,,,,,,,,
,,270,Uvalde,48463,June,2013,,,,Barnes016,1,1,gerstaeckeri,,,,,,,,,,
,,271,Uvalde,48463,June,2013,,,,Barnes017,0,,sanguisuga,,,,,,,,,,
,,272,Uvalde,48463,June,2013,,,,Barnes018,0,,gerstaeckeri,,,,,,,,,,
,,273,Uvalde,48463,June,2013,,,,Barnes019,0,,gerstaeckeri,,,,,,,,,,
,,274,Uvalde,48463,,,,,,Barnes020,0,,gerstaeckeri,,,,,,,,,,
,,275,Uvalde,48463,May,2013,,,,Barnes021,0,,gerstaeckeri,,,,,,,,,,
,,276,Uvalde,48463,May,2013,,,,Barnes022,0,,gerstaeckeri,,,,,,,,,,
,,277,Uvalde,48463,May,2013,,,,Barnes023,0,,indictiva,,,,,,,,,,
,,278,Uvalde,48463,June,2013,,,,Barnes024,0,,gerstaeckeri,,,,,,,,,,
,,279,Uvalde,48463,June,2013,,,,Barnes025,0,,sanguisuga,,,,,,,,,,
,,280,Uvalde,48463,June,2013,,,,Barnes026,0,,incrassata,,,,,,,,,,
,,281,Uvalde,48463,June,2013,,,,Barnes027,0,,protracta,,,,,,,,,,
,,282,Edwards,48137,June,2013,,,,Barnes028,0,,gerstaeckeri,,,,,,,,,,
,,283,Edwards,48137,June,2013,,,,Barnes029,0,,gerstaeckeri,,,,,,,,,,
,,284,Edwards,48137,June,2013,,,,Barnes030,0,,gerstaeckeri,,,,,,,,,,
,,285,Burleson,48051,May,2013,,,,PS003,0,,sanguisuga,,,,,,,,,,
,,286,Travis,48453,May,2012,,,,PS004,0,,nymph,,,,,,,,,,
,,287,Comal,48091,February,2013,,,,PS005,0,,unknown,,,,,,,,,,
,,288,,,May,2013,,,,PS006,0,,gerstaeckeri,,,,,,,,,,
,,289,,,May,2013,,,,PS007,0,,gerstaeckeri,,,,,,,,,,
,,290,,,May,2013,,,,PS008,0,,gerstaeckeri,,,,,,,,,,
,,291,Uvalde,48463,,,,,,PS009,0,,gerstaeckeri,,,,,,,,,,
,,292,Uvalde,48463,May,2013,,,,PS010,0,,gerstaeckeri,,,,,,,,,,
,,293,Uvalde,48463,May,2013,,,,PS011,0,,gerstaeckeri,,,,,,,,,,
,,294,Uvalde,48463,August,2013,,,,PS012,0,,gerstaeckeri,,,,,,,,,,
,,295,Uvalde,48463,August,2013,,,,PS013,0,,gerstaeckeri,,,,,,,,,,
,,296,Uvalde,48463,May,2013,,,,PS014,0,,gerstaeckeri,,,,,,,,,,
,,297,Uvalde,48463,May,2013,,,,PS015,1,1,gerstaeckeri,,,,,,,,,,
,,298,Uvalde,48463,May,2013,,,,PS016,0,,gerstaeckeri,,,,,,,,,,
,,299,Uvalde,48463,May,2013,,,,PS017,0,,gerstaeckeri,,,,,,,,,,
,,300,Uvalde,48463,August,2013,,,,PS018,0,,gerstaeckeri,,,,,,,,,,
,,301,Uvalde,48463,May,2013,,,,PS019,0,,gerstaeckeri,,,,,,,,,,
,,302,Uvalde,48463,May,2013,,,,PS020,0,,gerstaeckeri,,,,,,,,,,
,,303,Uvalde,48463,,,,,,PS021,0,,gerstaeckeri,,,,,,,,,,
,,304,Uvalde,48463,May,2013,,,,PS022,0,,gerstaeckeri,,,,,,,,,,
,,305,Uvalde,48463,May,2013,,,,PS023,0,,gerstaeckeri,,,,,,,,,,
,,306,Uvalde,48463,,,,,,PS024,0,,gerstaeckeri,,,,,,,,,,
,,307,Frio,48163,May,2013,,,,PS025,0,,gerstaeckeri,,,,,,,,,,
,,308,Frio,48163,May,2013,,,,PS026,0,,gerstaeckeri,,,,,,,,,,
,,309,Frio,48163,May ,2013,,,,PS027,0,,gerstaeckeri,,,,,,,,,,
,,310,Frio,48163,May,2013,,,,PS028,0,,gerstaeckeri,,,,,,,,,,
,,311,Frio,48163,May,2013,,,,PS029,0,,gerstaeckeri,,,,,,,,,,
,,312,Frio,48163,May,2013,,,,PS030,0,,gerstaeckeri,,,,,,,,,,
,,313,Frio,48163,May,2013,,,,PS031,0,,gerstaeckeri,,,,,,,,,,
,,314,Frio,48163,May,2013,,,,PS032,0,,gerstaeckeri,,,,,,,,,,
,,315,Frio,48163,May,2013,,,,PS033,0,,gerstaeckeri,,,,,,,,,,
,,316,Frio,48163,May,2013,,,,PS034,0,,gerstaeckeri,,,,,,,,,,
,,317,Frio,48163,May,2013,,,,PS035,1,1,gerstaeckeri,,,,,,,,,,
,,318,Frio,48163,May,2013,,,,PS036,0,,gerstaeckeri,,,,,,,,,,
,,319,Frio,48163,May,2013,,,,PS037,0,,gerstaeckeri,,,,,,,,,,
,,320,Frio,48163,May,2013,,,,PS038,0,,gerstaeckeri,,,,,,,,,,
,,321,Frio,48163,May,2013,,,,PS039,0,,gerstaeckeri,,,,,,,,,,
,,322,Frio,48163,May,2013,,,,PS040,0,,gerstaeckeri,,,,,,,,,,
,,323,Frio,48163,May,2013,,,,PS041,0,,gerstaeckeri,,,,,,,,,,
,,324,Frio,48163,June,2013,,,,PS042,0,,gerstaeckeri,,,,,,,,,,
,,325,,,,,,,,PS043,0,,unknown,,,,,,,,,,
,,326,Ward,48475,June,2013,,,,PS044,0,,rubida,,,,,,,,,,
,,327,Comal,48091,June,2013,,,,PS045,0,,gerstaeckeri,,,,,,,,,,
,,328,Comal,48091,June,2013,,,,PS046,1,1,gerstaeckeri,,,,,,,,,,
,,329,Comal,48091,June,2013,,,,PS047,0,,gerstaeckeri,,,,,,,,,,
,,330,Atascosa,48013,June,2013,,,,PS048,0,,gerstaeckeri,,,,,,,,,,
,,331,Atascosa,48013,June,2013,,,,PS049,0,,gerstaeckeri,,,,,,,,,,
,,332,Atascosa,48013,June,2013,,,,PS050,0,,lecticularia,,,,,,,,,,
,,333,Atascosa,48013,June,2013,,,,PS051,0,,gerstaeckeri,,,,,,,,,,
,,334,Atascosa,48013,June,2013,,,,PS052,0,,lecticularia,,,,,,,,,,
,,335,Atascosa,48013,June,2013,,,,PS053,0,,gerstaeckeri,,,,,,,,,,
,,336,Atascosa,48013,June,2013,,,,PS054,0,,gerstaeckeri,,,,,,,,,,
,,337,Medina,48325,,,,,,PS055,0,,gerstaeckeri,,,,,,,,,,
,,338,Medina,48325,,,,,,PS056,0,,gerstaeckeri,,,,,,,,,,
,,339,Medina,48325,,,,,,PS057,0,,gerstaeckeri,,,,,,,,,,
,,340,Medina,48325,,,,,,PS058,0,,gerstaeckeri,,,,,,,,,,
,,341,Gillespie,48171,June,2013,,,,PS059,1,1,gerstaeckeri,,,,,,,,,,
,,342,Bexar,48029,June,2013,,,,PS060,0,,gerstaeckeri,,,,,,,,,,
,,343,Blanco,48031,June,2013,,,,PS061,0,,NKB,,,,,,,,,,
,,344,Frio,48163,,,,,,PS062,0,,gerstaeckeri,,,,,,,,,,
,,345,Frio,48163,June,2013,,,,PS063,0,,gerstaeckeri,,,,,,,,,,
,,346,Frio,48163,June,2013,,,,PS064,0,,gerstaeckeri,,,,,,,,,,
,,347,Frio,48163,June,2013,,,,PS065,0,,gerstaeckeri,,,,,,,,,,
,,348,Frio,48163,May,2013,,,,PS066A,0,,gerstaeckeri,,,,,,,,,,
,,349,Frio,48163,May,2013,,,,PS066B,0,,gerstaeckeri,,,,,,,,,,
,,350,Frio,48163,May,2013,,,,PS067,0,,gerstaeckeri,,,,,,,,,,
,,351,Frio,48163,,,,,,PS068,0,,NKB,,,,,,,,,,
,,352,Frio,48163,June,2013,,,,PS069,0,,indictiva,,,,,,,,,,
,,353,Frio,48163,June,2013,,,,PS070,0,,NKB,,,,,,,,,,
,,354,Frio,48163,June,2013,,,,PS071,0,,gerstaeckeri,,,,,,,,,,
,,355,Brazos,48041,,,,,,PS072,0,,sanguisuga,,,,,,,,,,
,,356,Gillespie,48171,,,,,,PS073,0,,unknown,,,,,,,,,,
,,357,Gonzales,48177,June,2013,,,,PS074,0,,gerstaeckeri,,,,,,,,,,
,,358,Gillespie,48171,June,2013,,,,PS075,1,1,unknown,,,,,,,,,,
,,359,Assumption,,,,,,,PS076,0,,sanguisuga,,,,,,,,,,
,,360,Frio,48163,,,,,,PS077,0,,gerstaeckeri,,,,,,,,,,
,,361,Frio,48163,,,,,,PS078,0,,NKB,,,,,,,,,,
,,362,Frio,48163,June,2013,,,,PS079,0,,unknown,,,,,,,,,,
,,363,Frio,48163,June,2013,,,,PS080,1,1,gerstaeckeri,,,,,,,,,,
,,364,Frio,48163,June,2013,,,,PS081,0,,indictiva,,,,,,,,,,
,,365,Frio,48163,June,2013,,,,PS082,0,,gerstaeckeri,,,,,,,,,,
,,366,Frio,48163,June,2013,,,,PS083,0,,gerstaeckeri,,,,,,,,,,
,,367,Frio,48163,June,2013,,,,PS084,0,,gerstaeckeri,,,,,,,,,,
,,368,Frio,48163,June,2013,,,,PS085A,0,,gerstaeckeri,,,,,,,,,,
,,369,Frio,48163,June,2013,,,,PS085B,0,,unknown,,,,,,,,,,
,,370,Frio,48163,June,2013,,,,PS086,0,,gerstaeckeri,,,,,,,,,,
,,371,Frio,48163,June,2013,,,,PS087,0,,indictiva,,,,,,,,,,
,,372,Frio,48163,June,2013,,,,PS088,0,,unknown,,,,,,,,,,
,,373,Atascosa,48013,June,2013,,,,PS089,0,,NKB,,,,,,,,,,
,,374,Atascosa,48013,June,2013,,,,PS090,0,,NKB,,,,,,,,,,
,,375,Atascosa,48013,June,2013,,,,PS091,0,,gerstaeckeri,,,,,,,,,,
,,376,Atascosa,48013,June,2013,,,,PS092,0,,unknown,,,,,,,,,,
,,377,Atascosa,48013,June,2013,,,,PS093,0,,gerstaeckeri,,,,,,,,,,
,,378,Atascosa,48013,June,2013,,,,PS094,0,,gerstaeckeri,,,,,,,,,,
,,379,Atascosa,48013,June,2013,,,,PS095,0,,gerstaeckeri,,,,,,,,,,
,,380,Atascosa,48013,June,2013,,,,PS096,0,,nymph,,,,,,,,,,
,,381,Atascosa,48013,June,2013,,,,PS097,0,,gerstaeckeri,,,,,,,,,,
,,382,Atascosa,48013,June,2013,,,,PS098,0,,gerstaeckeri,,,,,,,,,,
,,383,Atascosa,48013,June,2013,,,,PS099,0,,sanguisuga,,,,,,,,,,
,,384,Atascosa,48013,June,2013,,,,PS100,0,,lecticularia,,,,,,,,,,
,,385,Atascosa,48013,June,2013,,,,PS101,0,,sanguisuga,,,,,,,,,,
,,386,Atascosa,48013,June,2013,,,,PS102,0,,gerstaeckeri,,,,,,,,,,
,,387,Bastrop,48021,June,2013,,,,PS103,0,,gerstaeckeri,,,,,,,,,,
,,388,Nueces,48355,,,,,,PS104A,0,,gerstaeckeri,,,,,,,,,,
,,389,Atascosa,48013,,,,,,PS104B,0,,gerstaeckeri,,,,,,,,,,
,,390,Nueces,48355,,,,,,PS105A,0,,gerstaeckeri,,,,,,,,,,
,,391,Gonzales,48177,June,2013,,,,PS105B,0,,unknown,,,,,,,,,,
,,392,Nueces,48355,,,,,,PS106A,0,,unknown,,,,,,,,,,
,,393,Gonzales,48177,June,2013,,,,PS106B,0,,gerstaeckeri,,,,,,,,,,
,,394,Nueces,48355,,,,,,PS107A,0,,gerstaeckeri,,,,,,,,,,
,,395,Gonzales,48177,June,2013,,,,PS107B,0,,gerstaeckeri,,,,,,,,,,
,,396,,,,,,,,PS107C,0,,gerstaeckeri,,,,,,,,,,
,,397,Nueces,48355,,,,,,PS108A,0,,gerstaeckeri,,,,,,,,,,
,,398,,,,,,,,PS108B,0,,gerstaeckeri,,,,,,,,,,
,,399,Nueces,48355,,,,,,PS109A,0,,gerstaeckeri,,,,,,,,,,
,,400,,,,,,,,PS109B,0,,gerstaeckeri,,,,,,,,,,
,,401,Uvalde,48463,June,2013,,,,PS110,0,,rubida,,,,,,,,,,
,,402,Kinney,48271,June,2013,,,,PS111A,0,,gerstaeckeri,,,,,,,,,,
,,403,,,,,,,,PS111B,0,,gerstaeckeri,,,,,,,,,,
,,404,Kinney,48271,June,2013,,,,PS112A,0,,gerstaeckeri,,,,,,,,,,
,,405,,,,,,,,PS112B,0,,gerstaeckeri,,,,,,,,,,
,,406,Grimes,48185,July,2013,,,,PS113,0,,sanguisuga,,,,,,,,,,
,,407,Grimes,48185,July,2013,,,,PS114,0,,sanguisuga,,,,,,,,,,
,,408,Medina,48325,June,2013,,,,PS115,0,,gerstaeckeri,,,,,,,,,,
,,409,Medina,48325,June,2013,,,,PS116,0,,gerstaeckeri,,,,,,,,,,
,,410,Medina,48325,June,2013,,,,PS117,0,,gerstaeckeri,,,,,,,,,,
,,411,Medina,48325,June,2013,,,,PS118,0,,gerstaeckeri,,,,,,,,,,
,,412,Medina,48325,June,2013,,,,PS119,0,,gerstaeckeri,,,,,,,,,,
,,413,Medina,48325,June,2013,,,,PS120 (misplaced),0,,nymph,,,,,,,,,,
,,414,Brazos,48041,,,,,,PS121,0,,sanguisuga,,,,,,,,,,
,,415,Brazos,48041,June,2013,,,,PS122,0,,sanguisuga,,,,,,,,,,
,,416,Frio,48163,June,2013,,,,PS123,0,,sanguisuga,,,,,,,,,,
,,417,,,,,,,,PS124,0,,unknown,,,,,,,,,,
,,418,Kerr,48265,July,2013,,,,PS125,0,,gerstaeckeri,,,,,,,,,,
,,419,Hildago,48215,,,,,,PS126,0,,gerstaeckeri,,,,,,,,,,
,,420,Travis,48453,June,2013,,,,PS127,0,,gerstaeckeri,,,,,,,,,,
,,421,Travis,48453,June,2013,,,,PS128,0,,gerstaeckeri,,,,,,,,,,
,,422,Medina,48325,June,2013,,,,PS129,0,,gerstaeckeri,,,,,,,,,,
,,423,Uvalde,48463,June,2013,,,,PS130,0,,gerstaeckeri,,,,,,,,,,
,,424,Medina,48325,June,2013,,,,PS131,0,,gerstaeckeri,,,,,,,,,,
,,425,Uvalde,48463,June,2013,,,,PS132,0,,gerstaeckeri,,,,,,,,,,
,,426,Uvalde,48463,June,2013,,,,PS133,0,,gerstaeckeri,,,,,,,,,,
,,427,Uvalde,48463,June,2013,,,,PS134,0,,gerstaeckeri,,,,,,,,,,
,,428,Uvalde,48463,June,2013,,,,PS135,0,,gerstaeckeri,,,,,,,,,,
,,429,Uvalde,48463,June,2013,,,,PS136,0,,gerstaeckeri,,,,,,,,,,
,,430,Uvalde,48463,June,2013,,,,PS137,0,,gerstaeckeri,,,,,,,,,,
,,431,Uvalde,48463,June,2013,,,,PS138,0,,gerstaeckeri,,,,,,,,,,
,,432,Atascosa,48013,June,2013,,,,PS139,0,,unknown,,,,,,,,,,
,,433,Atascosa,48013,,,,,,PS140,0,,gerstaeckeri,,,,,,,,,,
,,434,Atascosa,48013,June,2013,,,,PS141,0,,gerstaeckeri,,,,,,,,,,
,,435,Atascosa,48013,June,2013,,,,PS142,0,,gerstaeckeri,,,,,,,,,,
,,436,Atascosa,48013,June,2013,,,,PS143,0,,gerstaeckeri,,,,,,,,,,
,,437,Atascosa,48013,June,2013,,,,PS144,0,,gerstaeckeri,,,,,,,,,,
,,438,Frio,48163,June,2013,,,,PS145,0,,gerstaeckeri,,,,,,,,,,
,,439,Frio,48163,June,2013,,,,PS146,0,,NKB,,,,,,,,,,
,,440,Frio,48163,June,2013,,,,PS147,0,,gerstaeckeri,,,,,,,,,,
,,441,Frio,48163,June,2013,,,,PS148,0,,gerstaeckeri,,,,,,,,,,
,,442,Frio,48163,June,2013,,,,PS149,0,,gerstaeckeri,,,,,,,,,,
,,443,Frio,48163,June,2013,,,,PS150,0,,gerstaeckeri,,,,,,,,,,
,,444,Frio,48163,June,2013,,,,PS151,0,,gerstaeckeri,,,,,,,,,,
,,445,Frio,48163,June,2013,,,,PS152,0,,unknown,,,,,,,,,,
,,446,Frio,48163,June,2013,,,,PS153,0,,gerstaeckeri,,,,,,,,,,
,,447,Medina,48325,June,2013,,,,PS154,0,,gerstaeckeri,,,,,,,,,,
,,448,Medina,48325,June,2013,,,,PS155,0,,gerstaeckeri,,,,,,,,,,
,,449,Medina,48325,June,2013,,,,PS156,0,,lecticularia,,,,,,,,,,
,,450,Medina,48325,June,2013,,,,PS157,0,,nymph,,,,,,,,,,
,,451,Medina,48325,July,2013,,,,PS158,0,,gerstaeckeri,,,,,,,,,,
,,452,Medina,48325,July,2013,,,,PS159,0,,gerstaeckeri,,,,,,,,,,
,,453,Medina,48325,July,2013,,,,PS160,0,,nymph,,,,,,,,,,
,,454,Medina,48325,July,2013,,,,PS161,0,,gerstaeckeri,,,,,,,,,,
,,455,Medina,48325,July,2013,,,,PS162,0,,sanguisuga,,,,,,,,,,
,,456,Medina,48325,July,2013,,,,PS163,0,,gerstaeckeri,,,,,,,,,,
,,457,Medina,48325,July,2013,,,,PS164,0,,gerstaeckeri,,,,,,,,,,
,,458,Medina,48325,July,2013,,,,PS165,0,,gerstaeckeri,,,,,,,,,,
,,459,Medina,48325,July,2013,,,,PS166,0,,indictiva,,,,,,,,,,
,,460,Medina,48325,July,2013,,,,PS167,0,,gerstaeckeri,,,,,,,,,,
,,461,Medina,48325,July,2013,,,,PS168,0,,gerstaeckeri,,,,,,,,,,
,,462,Medina,48325,July,2013,,,,PS169,0,,nymph,,,,,,,,,,
,,463,Medina,48325,July,2013,,,,PS170,1,1,gerstaeckeri,,,,,,,,,,
,,464,Medina,48325,July,2013,,,,PS171,0,,gerstaeckeri,,,,,,,,,,
,,465,Medina,48325,July,2013,,,,PS172,0,,gerstaeckeri,,,,,,,,,,
,,466,Medina,48325,July,2013,,,,PS173,0,,gerstaeckeri,,,,,,,,,,
,,467,San Patricio,48409,July,2013,,,,PS174,0,,gerstaeckeri,,,,,,,,,,
,,468,Hays,48209,,,,,,PS175,0,,gerstaeckeri,,,,,,,,,,
,,469,Kaufman,48257,June,2013,,,,PS176,0,,sanguisuga,,,,,,,,,,
,,470,Bandera,48019,July,2013,,,,PS177,0,,gerstaeckeri,,,,,,,,,,
,,471,Fayette,48149,July,2013,,,,PS178,0,,gerstaeckeri,,,,,,,,,,
,,472,McLennan,48309,July,2013,,,,PS179,0,,sanguisuga,,,,,,,,,,
,,473,Travis,48453,July,2013,,,,PS180,0,,gerstaeckeri,,,,,,,,,,
,,474,Travis,48453,July,2013,,,,PS181,0,,gerstaeckeri,,,,,,,,,,
,,475,Travis,48453,July,2013,,,,PS182,0,,gerstaeckeri,,,,,,,,,,
,,476,Hays,48209,July,2013,,,,PS183,0,,gerstaeckeri,,,,,,,,,,
,,477,Hays,48209,July,2013,,,,PS184,0,,gerstaeckeri,,,,,,,,,,
,,478,Blanco,48031,July,2013,,,,PS185,0,,gerstaeckeri,,,,,,,,,,
,,479,Blanco,48031,July,2013,,,,PS186,0,,gerstaeckeri,,,,,,,,,,
,,480,Blanco,48031,July,2013,,,,PS187,0,,gerstaeckeri,,,,,,,,,,
,,481,Blanco,48031,July,2013,,,,PS188,0,,gerstaeckeri,,,,,,,,,,
,,482,Blanco,48031,July,2013,,,,PS189,0,,indictiva,,,,,,,,,,
,,483,Blanco,48031,July,2013,,,,PS190,0,,gerstaeckeri,,,,,,,,,,
,,484,Blanco,48031,July,2013,,,,PS191,0,,gerstaeckeri,,,,,,,,,,
,,485,Blanco,48031,July,2013,,,,PS192,0,,sanguisuga,,,,,,,,,,
,,486,Blanco,48031,July,2013,,,,PS193,0,,sanguisuga,,,,,,,,,,
,,487,Blanco,48031,July,2013,,,,PS194,0,,gerstaeckeri,,,,,,,,,,
,,488,Blanco,48031,July,2013,,,,PS195,0,,gerstaeckeri,,,,,,,,,,
,,489,Blanco,48031,June,2013,,,,PS196,0,,gerstaeckeri,,,,,,,,,,
,,490,Blanco,48031,June,2013,,,,PS197,0,,sanguisuga,,,,,,,,,,
,,491,Blanco,48031,June,2013,,,,PS198,0,,gerstaeckeri,,,,,,,,,,
,,492,Blanco,48031,June,2013,,,,PS199,0,,unknown,,,,,,,,,,
,,493,Blanco,48031,June,2013,,,,PS200,0,,indictiva,,,,,,,,,,
,,494,Blanco,48031,June,2013,,,,PS201,0,,indictiva,,,,,,,,,,
,,495,Blanco,48031,June,2013,,,,PS202,0,,gerstaeckeri,,,,,,,,,,
,,496,Blanco,48031,June,2013,,,,PS203,0,,unknown,,,,,,,,,,
,,497,Blanco,48031,June,2013,,,,PS204,0,,unknown,,,,,,,,,,
,,498,Blanco,48031,June,2013,,,,PS205,1,0,unknown,,,,,,,,,,
,,499,Blanco,48031,June,2013,,,,PS206,0,,unknown,,,,,,,,,,
,,500,Blanco,48031,June,2013,,,,PS207,0,,unknown,,,,,,,,,,
,,501,Blanco,48031,June,2013,,,,PS208,0,,unknown,,,,,,,,,,
,,502,Blanco,48031,June,2013,,,,PS209,0,,unknown,,,,,,,,,,
,,503,Blanco,48031,June,2013,,,,PS210,0,,gerstaeckeri,,,,,,,,,,
,,504,Blanco,48031,July,2013,,,,PS211,0,,gerstaeckeri,,,,,,,,,,
,,505,Blanco,48031,July,2013,,,,PS212,0,,sanguisuga,,,,,,,,,,
,,506,Blanco,48031,June,2013,,,,PS213,0,,gerstaeckeri,,,,,,,,,,
,,507,Blanco,48031,June,2013,,,,PS214,0,,gerstaeckeri,,,,,,,,,,
,,508,Blanco,48031,June,2013,,,,PS215,0,,indictiva,,,,,,,,,,
,,509,Blanco,48031,July,2013,,,,PS216,0,,gerstaeckeri,,,,,,,,,,
,,510,Blanco,48031,July,2013,,,,PS217,0,,indictiva,,,,,,,,,,
,,511,Blanco,48031,June,2013,,,,PS218,0,,lecticularia,,,,,,,,,,
,,512,Blanco,48031,July,2013,,,,PS219,0,,gerstaeckeri,,,,,,,,,,
,,513,Blanco,48031,July,2013,,,,PS220,0,,gerstaeckeri,,,,,,,,,,
,,514,Blanco,48031,July,2013,,,,PS221,0,,gerstaeckeri,,,,,,,,,,
,,515,Blanco,48031,July,2013,,,,PS222,0,,gerstaeckeri,,,,,,,,,,
,,516,Blanco,48031,July,2013,,,,PS223,0,,unknown,,,,,,,,,,
,,517,Blanco,48031,July,2013,,,,PS224,0,,sanguisuga,,,,,,,,,,
,,518,Blanco,48031,July,2013,,,,PS225,0,,indictiva,,,,,,,,,,
,,519,Blanco,48031,July,2013,,,,PS226,0,,gerstaeckeri,,,,,,,,,,
,,520,Blanco,48031,July,2013,,,,PS227,0,,gerstaeckeri,,,,,,,,,,
,,521,Denton,48121,,,,,,PS228,0,,sanguisuga,,,,,,,,,,
,,522,Denton,48121,,,,,,PS229,0,,sanguisuga,,,,,,,,,,
,,523,Denton,48121,,,,,,PS230,0,,sanguisuga,,,,,,,,,,
,,524,Denton,48121,,,,,,PS231,0,,sanguisuga,,,,,,,,,,
,,525,Hays,48209,,,,,,PS232,0,,gerstaeckeri,,,,,,,,,,
,,526,Hays,48209,,,,,,PS233,0,,gerstaeckeri,,,,,,,,,,
,,527,Hays,48209,,,,,,PS234,0,,gerstaeckeri,,,,,,,,,,
,,528,Hays,48209,,,,,,PS235,0,,gerstaeckeri,,,,,,,,,,
,,529,Hays,48209,,,,,,PS236,0,,gerstaeckeri,,,,,,,,,,
,,530,Kerr,48265,July,2013,,,,PS237,0,,gerstaeckeri,,,,,,,,,,
,,531,Kerr,48265,July,2013,,,,PS238,0,,gerstaeckeri,,,,,,,,,,
,,532,Somervell,48425,,,,,,PS239,0,,unknown,,,,,,,,,,
,,533,Bandera,48019,July,2013,,,,PS240,0,,gerstaeckeri,,,,,,,,,,
,,534,Comal,48091,June,2013,,,,PS241,0,,gerstaeckeri,,,,,,,,,,
,,535,Comal,48091,June,2013,,,,PS242,0,,indictiva,,,,,,,,,,
,,536,Comal,48091,June,2013,,,,PS243,0,,lecticularia,,,,,,,,,,
,,537,Comal,48091,June,2013,,,,PS244,0,,gerstaeckeri,,,,,,,,,,
,,538,Comal,48091,June,2013,,,,PS245,0,,gerstaeckeri,,,,,,,,,,
,,539,Comal,48091,June,2013,,,,PS246,0,,nymph,,,,,,,,,,
,,540,Comal,48091,June,2013,,,,PS247,0,,gerstaeckeri,,,,,,,,,,
,,541,Comal,48091,June,2013,,,,PS248,0,,gerstaeckeri,,,,,,,,,,
,,542,Comal,48091,June,2013,,,,PS249,0,,gerstaeckeri,,,,,,,,,,
,,543,Comal,48091,July,2013,,,,PS250,0,,gerstaeckeri,,,,,,,,,,
,,544,Comal,48091,July,2013,,,,PS251,0,,gerstaeckeri,,,,,,,,,,
,,545,Comal,48091,July,2013,,,,PS252,1,0,sanguisuga,,,,,,,,,,
,,546,Comal,48091,July,2013,,,,PS253,0,,gerstaeckeri,,,,,,,,,,
,,547,Comal,48091,July,2013,,,,PS254,0,,gerstaeckeri,,,,,,,,,,
,,548,Comal,48091,July,2013,,,,PS255,0,,indictiva,,,,,,,,,,
,,549,Comal,48091,July,2013,,,,PS256,0,,indictiva,,,,,,,,,,
,,550,Comal,48091,July,2013,,,,PS257,0,,gerstaeckeri,,,,,,,,,,
,,551,Comal,48091,June,2013,,,,PS258,0,,unknown,,,,,,,,,,
,,552,Comal,48091,June,2013,,,,PS259,0,,indictiva,,,,,,,,,,
,,553,Comal,48091,June,2013,,,,PS260,0,,gerstaeckeri,,,,,,,,,,
,,554,Comal,48091,June,2013,,,,PS261,0,,gerstaeckeri,,,,,,,,,,
,,555,Comal,48091,June,2013,,,,PS262,0,,gerstaeckeri,,,,,,,,,,
,,556,Comal,48091,June,2013,,,,PS263,0,,gerstaeckeri,,,,,,,,,,
,,557,Comal,48091,June,2013,,,,PS264,0,,NKB,,,,,,,,,,
,,558,Comal,48091,June,2013,,,,PS265,0,,gerstaeckeri,,,,,,,,,,
,,559,Comal,48091,June,2013,,,,PS266,0,,gerstaeckeri,,,,,,,,,,
,,560,Comal,48091,June,2013,,,,PS267,0,,unknown,,,,,,,,,,
,,561,Comal,48091,June,2013,,,,PS268,0,,gerstaeckeri,,,,,,,,,,
,,562,Comal,48091,June,2013,,,,PS269,0,,gerstaeckeri,,,,,,,,,,
,,563,Comal,48091,June,2013,,,,PS270,0,,gerstaeckeri,,,,,,,,,,
,,564,Comal,48091,June,2013,,,,PS271,0,,gerstaeckeri,,,,,,,,,,
,,565,Comal,48091,June,2013,,,,PS272,0,,gerstaeckeri,,,,,,,,,,
,,566,Comal,48091,June,2013,,,,PS273,0,,gerstaeckeri,,,,,,,,,,
,,567,Comal,48091,June,2013,,,,PS274,0,,gerstaeckeri,,,,,,,,,,
,,568,Comal,48091,June,2013,,,,PS275,1,0,gerstaeckeri,,,,,,,,,,
,,569,Comal,48091,June,2013,,,,PS276,0,,gerstaeckeri,,,,,,,,,,
,,570,Comal,48091,June,2013,,,,PS277,0,,gerstaeckeri,,,,,,,,,,
,,571,Comal,48091,June,2013,,,,PS278,0,,gerstaeckeri,,,,,,,,,,
,,572,Comal,48091,June,2013,,,,PS279,0,,gerstaeckeri,,,,,,,,,,
,,573,,,,,,,,PS280,0,,unknown,,,,,,,,,,
,,574,Gonzales,48177,July,2013,,,,PS281,0,,gerstaeckeri,,,,,,,,,,
,,575,Gonzales,48177,July,2013,,,,PS282,0,,gerstaeckeri,,,,,,,,,,
,,576,Gonzales,48177,July,2013,,,,PS283,0,,gerstaeckeri,,,,,,,,,,
,,577,Gonzales,48177,July,2013,,,,PS284,0,,gerstaeckeri,,,,,,,,,,
,,578,Fayette,48149,July,2013,,,,PS285,0,,gerstaeckeri,,,,,,,,,,
,,579,Fayette,48149,July,2013,,,,PS286,0,,gerstaeckeri,,,,,,,,,,
,,580,Bastrop,48021,,,,,,PS287,0,,sanguisuga,,,,,,,,,,
,,581,Karnes,48255,,,,,,PS288,0,,gerstaeckeri,,,,,,,,,,
,,582,Karnes,48255,,,,,,PS289,0,,sanguisuga,,,,,,,,,,
,,583,Karnes,48255,,,,,,PS290,0,,lecticularia,,,,,,,,,,
,,584,Karnes,48255,May,2013,,,,PS291,0,,lecticularia,,,,,,,,,,
,,585,Karnes,48255,June,2013,,,,PS292,0,,lecticularia,,,,,,,,,,
,,586,Karnes,48255,June,2013,,,,PS293,0,,gerstaeckeri,,,,,,,,,,
,,587,Karnes,48255,June,2013,,,,PS294,0,,gerstaeckeri,,,,,,,,,,
,,588,Karnes,48255,June,2013,,,,PS295,0,,gerstaeckeri,,,,,,,,,,
,,589,,,June,2013,,,,PS296,0,,gerstaeckeri,,,,,,,,,,
,,590,Comal,48091,June,2013,,,,PS297,0,,nymph,,,,,,,,,,
,,591,Comal,48091,June,2013,,,,PS298,0,,gerstaeckeri,,,,,,,,,,
,,592,Comal,48091,June,2013,,,,PS299,0,,gerstaeckeri,,,,,,,,,,
,,593,Comal,48091,June,2013,,,,PS300,0,,gerstaeckeri,,,,,,,,,,
,,594,Travis,48453,July,2013,,,,PS301,0,,unknown,,,,,,,,,,
,,595,Travis,48453,July,2013,,,,PS302,0,,unknown,,,,,,,,,,
,,596,Travis,48453,July,2013,,,,PS303,0,,gerstaeckeri,,,,,,,,,,
,,597,Frio,48163,,,,,,PS304,1,1,nymph,,,,,,,,,,
,,598,Frio,48163,,,,,,PS305,0,,gerstaeckeri,,,,,,,,,,
,,599,Frio,48163,,,,,,PS306,0,,gerstaeckeri,,,,,,,,,,
,,600,Frio,48163,,,,,,PS307,0,,gerstaeckeri,,,,,,,,,,
,,601,Frio,48163,,,,,,PS308,0,,gerstaeckeri,,,,,,,,,,
,,602,Uvalde,48463,June,2013,,,,PS309,0,,gerstaeckeri,,,,,,,,,,
,,603,Uvalde,48463,June,2013,,,,PS310,0,,gerstaeckeri,,,,,,,,,,
,,604,Uvalde,48463,June,2013,,,,PS311,0,,gerstaeckeri,,,,,,,,,,
,,605,Uvalde,48463,June,2013,,,,PS312,0,,gerstaeckeri,,,,,,,,,,
,,606,Uvalde,48463,June,2013,,,,PS313,0,,gerstaeckeri,,,,,,,,,,
,,607,Uvalde,48463,June,2013,,,,PS314,0,,gerstaeckeri,,,,,,,,,,
,,608,Uvalde,48463,June,2013,,,,PS315,0,,gerstaeckeri,,,,,,,,,,
,,609,Frio,48163,August,2013,,,,PS316,0,,gerstaeckeri,,,,,,,,,,
,,610,Frio,48163,August,2013,,,,PS317,0,,gerstaeckeri,,,,,,,,,,
,,611,Frio,48163,August,2013,,,,PS318,0,,gerstaeckeri,,,,,,,,,,
,,612,Frio,48163,,2013,,,,PS319,0,,gerstaeckeri,,,,,,,,,,
,,613,Frio,48163,,2013,,,,PS320,0,,gerstaeckeri,,,,,,,,,,
,,614,Frio,48163,,2013,,,,PS321,0,,gerstaeckeri,,,,,,,,,,
,,615,McLennan,48309,August,2103,,,,PS322,0,,sanguisuga,,,,,,,,,,
,,616,Bastrop,48021,August,2013,,,,PS323,0,,sanguisuga,,,,,,,,,,
,,617,Bastrop,48021,August,2013,,,,PS324,0,,sanguisuga,,,,,,,,,,
,,618,Hays,48209,July,2013,,,,PS325,0,,gerstaeckeri,,,,,,,,,,
,,619,Hays,48209,July,2013,,,,PS326,0,,gerstaeckeri,,,,,,,,,,
,,620,Hays,48209,August,2013,,,,PS327,0,,sanguisuga,,,,,,,,,,
,,621,McLennan,48309,July,2013,,,,PS328,0,,sanguisuga,,,,,,,,,,
,,622,Gonzales,48177,,,,,,PS329,0,,gerstaeckeri,,,,,,,,,,
,,623,Gonzales,48177,,,,,,PS330,0,,sanguisuga,,,,,,,,,,
,,624,,,,,,,,PS331,0,,sanguisuga,,,,,,,,,,
,,625,Comal,48091,July,2013,,,,PS332,0,,gerstaeckeri,,,,,,,,,,
,,626,Johnson,48251,August,2013,,,,PS333,1,0,sanguisuga,,,,,,,,,,
,,627,Grimes,48185,August,2013,,,,PS334,0,,sanguisuga,,,,,,,,,,
,,628,Travis,48453,,,,,,PS335,0,,gerstaeckeri,,,,,,,,,,
,,629,Atascosa,48013,August,2013,,,,PS336,0,,gerstaeckeri,,,,,,,,,,
,,630,Hays,48209,August,2013,,,,PS337,0,,sanguisuga,,,,,,,,,,
,,631,Hays,48209,,,,,,PS338,0,,sanguisuga,,,,,,,,,,
,,632,Gillespie,48171,,,,,,PS339,0,,indictiva,,,,,,,,,,
,,633,Travis,48453,June,2013,,,,AZ-1,0,,gerstaeckeri,,,,,,,,,,
,,634,Travis,48453,July,2013,,,,AZ-3,0,,gerstaeckeri,,,,,,,,,,
,,635,Hays,48209,July,2013,,,,AZ-4,0,,gerstaeckeri,,,,,,,,,,
,,636,Hays,48209,July,2013,,,,AZ-5,0,,gerstaeckeri,,,,,,,,,,
,,637,Hays,48209,July,2013,,,,AZ-6,0,,gerstaeckeri,,,,,,,,,,
,,638,Hays,48209,July,2013,,,,AZ-7,0,,gerstaeckeri,,,,,,,,,,
,,639,Travis,48453,July,2013,,,,AZ-10,0,,gerstaeckeri,,,,,,,,,,
,,640,Travis,48453,July,2013,,,,AZ-11,0,,gerstaeckeri,,,,,,,,,,
,,641,Hays,48209,July,2013,,,,AZ-12,0,,gerstaeckeri,,,,,,,,,,
,,642,Travis,48453,July,2013,,,,AZ-13,0,,gerstaeckeri,,,,,,,,,,
,,643,Hays,48209,July,2013,,,,AZ-14,0,,nymph,,,,,,,,,,
,,644,Hays,48209,July,2013,,,,AZ-15,0,,gerstaeckeri,,,,,,,,,,
,,645,Hays,48209,July,2013,,,,AZ-16,0,,sanguisuga,,,,,,,,,,
,,646,Travis,48453,July,2013,,,,AZ-17,0,,gerstaeckeri,,,,,,,,,,
,,647,Hays,48209,July,2013,,,,AZ-18,0,,sanguisuga,,,,,,,,,,
,,648,Hays,48209,July,2013,,,,AZ-19,0,,gerstaeckeri,,,,,,,,,,
,,649,Hays,48209,July,2013,,,,AZ-20,0,,gerstaeckeri,,,,,,,,,,
,,650,Hays,48209,July,2013,,,,AZ-21,0,,gerstaeckeri,,,,,,,,,,
,,651,Hays,48209,July,2013,,,,AZ-22,0,,gerstaeckeri,,,,,,,,,,
,,652,Hays,48209,July,2013,,,,AZ-23,0,,gerstaeckeri,,,,,,,,,,
,,653,Hays,48209,July,2013,,,,AZ-24,0,,gerstaeckeri,,,,,,,,,,
,,654,Hays,48209,July,2013,,,,AZ-26,0,,gerstaeckeri,,,,,,,,,,
,,655,Hays,48209,July,2013,,,,AZ-27,0,,gerstaeckeri,,,,,,,,,,
,,656,Hays,48209,July,2013,,,,AZ-28,0,,sanguisuga,,,,,,,,,,
,,657,Hays,48209,July,2013,,,,AZ-29,0,,gerstaeckeri,,,,,,,,,,
,,658,Hays,48209,July,2013,,,,AZ-30,0,,gerstaeckeri,,,,,,,,,,
,,659,Gillespie,48171,August,2013,,,,PS340,0,,indictiva,,,,,,,,,,
,,660,Floyd,48153,May,2013,,,,PS341,0,,protracta,,,,,,,,,,
,,661,,,August,2013,,,,PS342,0,,sanguisuga,,,,,,,,,,
,,662,Burleson,48051,August,2013,,,,PS343,1,1,unknown,,,,,,,,,,
,,663,Burleson,48051,August,2013,,,,PS344,1,0,unknown,,,,,,,,,,
,,664,Medina,48325,August,2013,,,,PS345,1,0,gerstaeckeri,,,,,,,,,,
,,665,Parker,48367,August,2013,,,,PS346,0,,sanguisuga,,,,,,,,,,
,,666,Bastrop,48021,August,2013,,,,PS347,1,1,sanguisuga,,,,,,,,,,
,,667,Frio,48163,,,,,,PS348,1,1,lecticularia,,,,,,,,,,
,,668,Frio,48163,,,,,,PS349,1,1,gerstaeckeri,,,,,,,,,,
,,669,Travis,48453,August,2013,,,,PS350,1,1,gerstaeckeri,,,,,,,,,,
,,670,Travis,48453,August,2013,,,,PS351,1,1,gerstaeckeri,,,,,,,,,,
,,671,Caldwell,48055,August,2013,,,,PS352,0,,gerstaeckeri,,,,,,,,,,
,,672,Ector,48135,August,2013,,,,PS353,0,,nymph,,,,,,,,,,
,,673,Ector,48135,August,2013,,,,PS354,0,,nymph,,,,,,,,,,
,,674,Wise,48497,August,2013,,,,PS355,1,1,sanguisuga,,,,,,,,,,
,,675,Bastrop,48021,,,,,,PS356,1,1,lecticularia,,,,,,,,,,
,,676,Hays,48209,August,2013,,,,PS357,1,1,indictiva,,,,,,,,,,
,,677,Hays,48209,August,2013,,,,PS358,0,,sanguisuga,,,,,,,,,,
,,678,Hays,48209,August,2013,,,,PS359,1,1,sanguisuga,,,,,,,,,,
,,679,Hays,48209,August,2013,,,,PS360,0,,gerstaeckeri,,,,,,,,,,
,,680,Hays,48209,August,2013,,,,PS361,0,,sanguisuga,,,,,,,,,,
,,681,Hays,48209,August,2013,,,,PS362,0,,gerstaeckeri,,,,,,,,,,
,,682,Hays,48209,August,2013,,,,PS363,0,,sanguisuga,,,,,,,,,,
,,683,Hays,48209,August,2013,,,,PS364,0,,indictiva,,,,,,,,,,
,,684,Hays,48209,August,2013,,,,PS365,0,,unknown,,,,,,,,,,
,,685,Hays,48209,August,2013,,,,PS366,0,,gerstaeckeri,,,,,,,,,,
,,686,Hays,48209,,,,,,PS367,0,,NKB,,,,,,,,,,
,,687,Hays,48209,August,2013,,,,PS368,1,1,sanguisuga,,,,,,,,,,
,,688,Hays,48209,August,2013,,,,PS369,0,,sanguisuga,,,,,,,,,,
,,689,Hays,48209,August,2013,,,,PS370,0,,sanguisuga,,,,,,,,,,
,,690,Hays,48209,August,2013,,,,PS371,0,,indictiva,,,,,,,,,,
,,691,Hays,48209,August,2013,,,,PS372,0,,sanguisuga,,,,,,,,,,
,,692,Hays,48209,July,2013,,,,PS373,0,,gerstaeckeri,,,,,,,,,,
,,693,Hays,48209,August,2013,,,,PS374,1,1,indictiva,,,,,,,,,,
,,694,Hays,48209,August,2013,,,,PS375,0,,gerstaeckeri,,,,,,,,,,
,,695,Hays,48209,July,2013,,,,PS376,0,,gerstaeckeri,,,,,,,,,,
,,696,Hays,48209,August,2013,,,,PS377,0,,sanguisuga,,,,,,,,,,
,,697,Hays,48209,August,2013,,,,PS378,0,,gerstaeckeri,,,,,,,,,,
,,698,Hays,48209,August,2013,,,,PS379,0,,sanguisuga,,,,,,,,,,
,,699,Hays,48209,August,2013,,,,PS380,0,,sanguisuga,,,,,,,,,,
,,700,Cameron,48061,September,2013,,,,PS381,1,1,gerstaeckeri,,,,,,,,,,
,,701,Cameron,48061,September,2013,,,,PS382,1,1,gerstaeckeri,,,,,,,,,,
,,702,Lampasas,48281,September,2013,,,,PS383,0,,sanguisuga,,,,,,,,,,
,,703,Burleson,48051,August,2013,,,,PS384,1,1,sanguisuga,,,,,,,,,,
,,704,Travis,48453,August,2013,,,,PS385,1,1,gerstaeckeri,,,,,,,,,,
,,705,Kerr,48265,August,2013,,,,PS386,1,1,gerstaeckeri,,,,,,,,,,
,,706,Blanco,48031,July,2013,,,,PS387,0,,gerstaeckeri,,,,,,,,,,
,,707,Blanco,48031,June,2013,,,,PS388,0,,gerstaeckeri,,,,,,,,,,
,,708,Blanco,48031,July,2013,,,,PS389,1,0,gerstaeckeri,,,,,,,,,,
,,709,Grimes,48185,August,2013,,,,PS390,0,,sanguisuga,,,,,,,,,,
,,710,Gillespie ,48171,September,2013,,,,PS391,0,,gerstaeckeri,,,,,,,,,,
,,711,Gillespie,48171,August,2013,,,,PS392,1,1,indictiva,,,,,,,,,,
,,712,Liberty,48291,August,2013,,,,PS393,1,1,sanguisuga,,,,,,,,,,
,,713,Lee,48287,August,2013,,,,PS394,0,,sanguisuga,,,,,,,,,,
,,714,Lee,48287,August,2013,,,,PS395,0,,gerstaeckeri,,,,,,,,,,
,,715,Hays,48209,August,2013,,,,PS396,0,,indictiva,,,,,,,,,,
,,716,Hays,48209,August,2013,,,,PS397,0,,gerstaeckeri,,,,,,,,,,
,,717,Hays,48209,August,2013,,,,PS398,0,,sanguisuga,,,,,,,,,,
,,718,Hays,48209,August,2013,,,,PS399,1,1,sanguisuga,,,,,,,,,,
,,719,Hays,48209,August,2013,,,,PS400,1,1,gerstaeckeri,,,,,,,,,,
,,720,Hays,48209,September,2013,,,,PS401,0,0,indictiva,,,,,,,,,,
,,721,Hays,48209,September,2013,,,,PS402,0,0,sanguisuga,,,,,,,,,,
,,722,Wood,48499,September,2013,,,,PS403,0,,sanguisuga,,,,,,,,,,
,,723,Frio,48163,,,,,,PS404,0,,lecticularia,,,,,,,,,,
,,724,Frio,48163,,,,,,PS405,1,1,gerstaeckeri,,,,,,,,,,
,,725,Frio,48163,,,,,,PS406,1,1,gerstaeckeri,,,,,,,,,,
,,726,Bastrop,48021,August,2013,,,,PS407,0,,gerstaeckeri,,,,,,,,,,
,,727,Bastrop,48021,,,,,,PS408,0,,gerstaeckeri,,,,,,,,,,
,,728,Bastrop,48021,,,,,,PS409,0,,gerstaeckeri,,,,,,,,,,
,,729,Bastrop,48021,,,,,,PS410,0,,gerstaeckeri,,,,,,,,,,
,,730,Bastrop,48021,June,2013,,,,PS411,0,,gerstaeckeri,,,,,,,,,,
,,731,Bastrop,48021,June,2013,,,,PS412,0,,gerstaeckeri,,,,,,,,,,
,,732,Bastrop,48021,June,2013,,,,PS413,0,,gerstaeckeri,,,,,,,,,,
,,733,Bastrop,48021,June,2013,,,,PS414,0,,gerstaeckeri,,,,,,,,,,
,,734,Bastrop,48021,June,2013,,,,PS415,0,,gerstaeckeri,,,,,,,,,,
,,735,Bastrop,48021,June,2013,,,,PS416,0,,gerstaeckeri,,,,,,,,,,
,,736,Bastrop,48021,June,2013,,,,PS417,0,,gerstaeckeri,,,,,,,,,,
,,737,Bastrop,48021,June,2013,,,,PS418,0,,gerstaeckeri,,,,,,,,,,
,,738,Bastrop,48021,June,2013,,,,PS419,0,,gerstaeckeri,,,,,,,,,,
,,739,Bastrop,48021,June,2013,,,,PS420,0,,nymph,,,,,,,,,,
,,740,Bastrop,48021,June,2013,,,,PS421,0,,gerstaeckeri,,,,,,,,,,
,,741,Bastrop,48021,June,2013,,,,PS422,0,,gerstaeckeri,,,,,,,,,,
,,742,Bastrop,48021,June,2013,,,,PS423,0,,gerstaeckeri,,,,,,,,,,
,,743,Bastrop,48021,June,2013,,,,PS424,0,,gerstaeckeri,,,,,,,,,,
,,744,Bastrop,48021,June,2013,,,,PS425,0,,gerstaeckeri,,,,,,,,,,
,,745,Bastrop,48021,June,2013,,,,PS426,0,,gerstaeckeri,,,,,,,,,,
,,746,Bastrop,48021,June,2013,,,,PS427,0,,gerstaeckeri,,,,,,,,,,
,,747,Bastrop,48021,June,2013,,,,PS428,0,,gerstaeckeri,,,,,,,,,,
,,748,Bastrop,48021,June,2013,,,,PS429,0,,gerstaeckeri,,,,,,,,,,
,,749,Bastrop,48021,June,2013,,,,PS430,0,,gerstaeckeri,,,,,,,,,,
,,750,Bastrop,48021,June,2013,,,,PS431,0,,nymph,,,,,,,,,,
,,751,Bastrop,48021,June,2013,,,,PS432,0,,gerstaeckeri,,,,,,,,,,
,,752,Bastrop,48021,June,2013,,,,PS433,0,,gerstaeckeri,,,,,,,,,,
,,753,Bastrop,48021,June,2013,,,,PS434,0,,gerstaeckeri,,,,,,,,,,
,,754,Bastrop,48021,June,2013,,,,PS435,0,,lecticularia,,,,,,,,,,
,,755,Bastrop,48021,June,2013,,,,PS436,0,,nymph,,,,,,,,,,
,,756,Brazoria,48039,August,2013,,,,PS437,0,,sanguisuga,,,,,,,,,,
,,757,Bell,48027,August,2013,,,,PS438,0,,gerstaeckeri,,,,,,,,,,
,,758,Travis,48453,August,2013,,,,PS439,0,,gerstaeckeri,,,,,,,,,,
,,759,Burleson,48051,September,2013,,,,PS440,0,,gerstaeckeri,,,,,,,,,,
,,760,Frio,48163,September,2013,,,,PS441,1,1,lecticularia,,,,,,,,,,
,,761,Frio,48163,September,2013,,,,PS442,1,1,sanguisuga,,,,,,,,,,
,,762,Medina,48325,,,,,,PS443,1,1,gerstaeckeri,,,,,,,,,,
,,763,Williamson,48491,August,2013,,,,PS444,1,0,sanguisuga,,,,,,,,,,
,,764,Williamson,48491,August,2013,,,,PS445,1,1,sanguisuga,,,,,,,,,,
,,765,,,,,,,,PS446,1,1,sanguisuga,,,,,,,,,,
,,766,Llano,48299,August,2013,,,,PS447,1,0,sanguisuga,,,,,,,,,,
,,767,Bastrop,48021,August,2013,,,,PS448,0,,gerstaeckeri,,,,,,,,,,
,,768,Bastrop,48021,August,2013,,,,PS449,1,1,gerstaeckeri,,,,,,,,,,
,,769,Bastrop,48021,September,2013,,,,PS450,0,,sanguisuga,,,,,,,,,,
,,770,Travis,48453,August,2013,,,,PS451,0,,unknown,,,,,,,,,,
,,771,Atascosa,48013,September,2013,,,,PS452,1,1,gerstaeckeri,,,,,,,,,,
,,772,Williamson,48491,August,2013,,,,PS453,1,0,sanguisuga,,,,,,,,,,
,,773,Williamson,48491,September,2013,,,,PS454,1,1,gerstaeckeri,,,,,,,,,,
,,774,Burleson,48051,September,2013,,,,PS455,1,1,sanguisuga,,,,,,,,,,
,,775,Burleson,48051,,,,,,PS456,1,1,sanguisuga,,,,,,,,,,
,,776,Burleson,48051,,,,,,PS457,1,1,sanguisuga,,,,,,,,,,
,,777,Grimes,48185,August,2013,,,,PS458,0,,sanguisuga,,,,,,,,,,
,,778,Grimes,48185,August,2013,,,,PS459,0,,sanguisuga,,,,,,,,,,
,,779,Grimes,48185,August,2013,,,,PS460,0,,sanguisuga,,,,,,,,,,
,,780,Grimes,48185,August,2013,,,,PS461,0,,sanguisuga,,,,,,,,,,
,,781,Grimes,48185,August,2013,,,,PS462,0,,sanguisuga,,,,,,,,,,
,,782,Fayette,48149,September,2013,,,,PS463,1,1,gerstaeckeri,,,,,,,,,,
,,783,Burnet,48053,September,2013,,,,PS464,0,,indictiva,,,,,,,,,,
,,784,Burnet,48053,September,2013,,,,PS465,0,,gerstaeckeri,,,,,,,,,,
,,785,Burnet,48053,September,2013,,,,PS466,0,,sanguisuga,,,,,,,,,,
,,786,Burnet,48053,September,2013,,,,PS467,0,,sanguisuga,,,,,,,,,,
,,787,Burnet,48053,September,2013,,,,PS468,0,,sanguisuga,,,,,,,,,,
,,788,Burnet,48053,September,2013,,,,PS469,0,,sanguisuga,,,,,,,,,,
,,789,Burnet,48053,September,2013,,,,PS470,0,,sanguisuga,,,,,,,,,,
,,790,Burnet,48053,September,2013,,,,PS471,0,,sanguisuga,,,,,,,,,,
,,791,Burnet,48053,September,2013,,,,PS472,0,,sanguisuga,,,,,,,,,,
,,792,Burnet,48053,September,2013,,,,PS473,0,,sanguisuga,,,,,,,,,,
,,793,Burnet,48053,September,2013,,,,PS474,0,,gerstaeckeri,,,,,,,,,,
,,794,Burnet,48053,September,2013,,,,PS475,0,,sanguisuga,,,,,,,,,,
,,795,Burnet,48053,September,2013,,,,PS476,0,,sanguisuga,,,,,,,,,,
,,796,Burnet,48053,September,2013,,,,PS477,0,,indictiva,,,,,,,,,,
,,797,Burnet,48053,September,2013,,,,PS478,0,,sanguisuga,,,,,,,,,,
,,798,Burnet,48053,September,2013,,,,PS479,0,,gerstaeckeri,,,,,,,,,,
,,799,Frio,48163,,,,,,PS480,1,1,gerstaeckeri,,,,,,,,,,
,,800,Bell,48027,August,2013,,,,PS481,0,,sanguisuga,,,,,,,,,,
,,801,Bell,48027,August,2013,,,,PS482,0,,sanguisuga,,,,,,,,,,
,,802,Bell,48027,August,2013,,,,PS483,0,,sanguisuga,,,,,,,,,,
,,803,Bell,48027,August,2013,,,,PS484,0,,sanguisuga,,,,,,,,,,
,,804,Bell,48027,August,2013,,,,PS485,0,,indictiva,,,,,,,,,,
,,805,Lee,48287,September,2013,,,,PS486,0,,sanguisuga,,,,,,,,,,
,,806,Burleson,48051,September,2013,,,,PS487,0,,nymph,,,,,,,,,,
,,807,Burleson,48051,September,2013,,,,PS488,0,,nymph,,,,,,,,,,
,,808,Burleson,48051,September,2013,,,,PS489,0,,nymph,,,,,,,,,,
,,809,Bell,48027,September,2013,,,,PS490,1,1,sanguisuga,,,,,,,,,,
,,810,Bell,48027,September,2013,,,,PS491,1,1,sanguisuga,,,,,,,,,,
,,811,Gillespie,48171,July,2013,,,,PS492,1,1,gerstaeckeri,,,,,,,,,,
,,812,Gillespie,48171,August,2013,,,,PS493,1,1,gerstaeckeri,,,,,,,,,,
,,813,Gillespie,48171,July,2013,,,,PS494,1,1,gerstaeckeri,,,,,,,,,,
,,814,Gillespie,48171,June,2013,,,,PS495,1,0,gerstaeckeri,,,,,,,,,,
,,815,Gillespie,48171,July,2013,,,,PS496,1,1,gerstaeckeri,,,,,,,,,,
,,816,Gillespie,48171,June,2013,,,,PS497,1,1,gerstaeckeri,,,,,,,,,,
,,817,Gillespie,48171,July,2013,,,,PS498,1,1,gerstaeckeri,,,,,,,,,,
,,818,Gillespie,48171,August,2013,,,,PS499,1,0,gerstaeckeri,,,,,,,,,,
,,819,Gillespie,48171,July,2013,,,,PS500,1,1,gerstaeckeri,,,,,,,,,,
,,820,Gillespie,48171,July,2013,,,,PS501,0,,gerstaeckeri,,,,,,,,,,
,,821,Gillespie,48171,July,2013,,,,PS502,1,1,gerstaeckeri,,,,,,,,,,
,,822,Gillespie,48171,July,2013,,,,PS503,1,1,gerstaeckeri,,,,,,,,,,
,,823,Gillespie,48171,July,2013,,,,PS504,1,0,indictiva,,,,,,,,,,
,,824,Gillespie,48171,July,2013,,,,PS505,1,0,gerstaeckeri,,,,,,,,,,
,,825,Gillespie,48171,July,2013,,,,PS506,1,0,indictiva,,,,,,,,,,
,,826,Gillespie,48171,September,2013,,,,PS507,1,1,gerstaeckeri,,,,,,,,,,
,,827,,,September,2013,,,,PS508,0,,sanguisuga,,,,,,,,,,
,,828,Travis,48453,September,2013,,,,PS509,1,1,gerstaeckeri,,,,,,,,,,
,,829,Travis,48453,September,2013,,,,PS510,0,,nymph,,,,,,,,,,
,,830,Kerr,48265,July,2013,,,,PS511,0,,gerstaeckeri,,,,,,,,,,
,,831,Kerr,48265,September,2013,,,,PS512,1,1,gerstaeckeri,,,,,,,,,,
,,832,Kerr,48265,July,2013,,,,PS513,0,,gerstaeckeri,,,,,,,,,,
,,833,Kerr,48265,July,2013,,,,PS514,1,1,gerstaeckeri,,,,,,,,,,
,,834,Kerr,48265,,,,,,PS515,0,,gerstaeckeri,,,,,,,,,,
,,835,Kerr,48265,July,2013,,,,PS516,0,,gerstaeckeri,,,,,,,,,,
,,836,Kerr,48265,August,2013,,,,PS517,0,,gerstaeckeri,,,,,,,,,,
,,837,Burleson,48051,September,2013,,,,PS518A,0,,nymph,,,,,,,,,,
,,838,Fayette,48149,June,,,,,PS518B,0,,gerstaeckeri,,,,,,,,,,
,,839,Burleson,48051,September,2013,,,,PS519A,0,,nymph,,,,,,,,,,
,,840,Fayette,48149,September,2013,,,,PS519B,0,,nymph,,,,,,,,,,
,,841,Bexar,48029,June,2013,,,,PS520A,0,,gerstaeckeri,,,,,,,,,,
,,842,Burleson,48051,September,2013,,,,PS520B,0,,gerstaeckeri,,,,,,,,,,
,,843,Bexar,48029,July,2013,,,,PS521A,0,,gerstaeckeri,,,,,,,,,,
,,844,Blanco,48031,September,2013,,,,PS521B,0,,indictiva,,,,,,,,,,
,,845,Blanco,48031,September,2013,,,,PS522,0,,lecticularia,,,,,,,,,,
,,846,Blanco,48031,September,2013,,,,PS523,0,,lecticularia,,,,,,,,,,
,,847,Blanco,48031,September,2013,,,,PS524,0,,sanguisuga,,,,,,,,,,
,,848,Blanco,48031,September,2013,,,,PS525,0,,sanguisuga,,,,,,,,,,
,,849,Blanco,48031,September,2013,,,,PS526,0,,indictiva,,,,,,,,,,
,,850,Williamson,48491,September,2013,,,,PS527,0,,gerstaeckeri,,,,,,,,,,
,,851,Hays,48209,August,2013,,,,PS528,0,,gerstaeckeri,,,,,,,,,,
,,852,Hays,48209,August,2013,,,,PS529,0,,gerstaeckeri,,,,,,,,,,
,,853,Hays,48209,August,2013,,,,PS530,0,,sanguisuga,,,,,,,,,,
,,854,Hays,48209,August,2013,,,,PS531,0,,gerstaeckeri,,,,,,,,,,
,,855,Hays,48209,July,2013,,,,PS532,0,,gerstaeckeri,,,,,,,,,,
,,856,Hays,48209,July,2013,,,,PS533,0,,gerstaeckeri,,,,,,,,,,
,,857,Caldwell,48055,September,2013,,,,PS534,0,,sanguisuga,,,,,,,,,,
,,858,,,September,2013,,,,PS535,1,1,sanguisuga,,,,,,,,,,
,,859,Medina,48325,September,2013,,,,PS536,0,,gerstaeckeri,,,,,,,,,,
,,860,Medina,48325,September,2013,,,,PS537,0,,gerstaeckeri,,,,,,,,,,
,,861,Medina,48325,September,2013,,,,PS538,0,,gerstaeckeri,,,,,,,,,,
,,862,Medina,48325,September,2013,,,,PS539,0,,indictiva,,,,,,,,,,
,,863,Medina,48325,September,2013,,,,PS540,0,,sanguisuga,,,,,,,,,,
,,864,Medina,48325,September,2013,,,,PS541,0,,indictiva,,,,,,,,,,
,,865,Medina,48325,September,2013,,,,PS542,0,,sanguisuga,,,,,,,,,,
,,866,Medina,48325,September,2013,,,,PS543,0,,nymph,,,,,,,,,,
,,867,Medina,48325,September,2013,,,,PS544,0,,indictiva,,,,,,,,,,
,,868,Medina,48325,September,2013,,,,PS545,0,,indictiva,,,,,,,,,,
,,869,Medina,48325,September,2013,,,,PS546,0,,indictiva,,,,,,,,,,
,,870,Medina,48325,September,2013,,,,PS547,0,,gerstaeckeri,,,,,,,,,,
,,871,Medina,48325,September,2013,,,,PS548,0,,gerstaeckeri,,,,,,,,,,
,,872,Medina,48325,September,2013,,,,PS549,0,,gerstaeckeri,,,,,,,,,,
,,873,Medina,48325,September,2013,,,,PS550,0,,gerstaeckeri,,,,,,,,,,
,,874,Medina,48325,September,2013,,,,PS551,0,,gerstaeckeri,,,,,,,,,,
,,875,Medina,48325,September,2013,,,,PS552,0,,gerstaeckeri,,,,,,,,,,
,,876,Medina,48325,September,2013,,,,PS553,0,,gerstaeckeri,,,,,,,,,,
,,877,Medina,48325,September,2013,,,,PS554,0,,gerstaeckeri,,,,,,,,,,
,,878,Medina,48325,September,2013,,,,PS555,0,,indictiva,,,,,,,,,,
,,879,Medina,48325,September,2013,,,,PS556,0,,indictiva,,,,,,,,,,
,,880,Medina,48325,September,2013,,,,PS557,0,,gerstaeckeri,,,,,,,,,,
,,881,Medina,48325,September,2013,,,,PS558,0,,sanguisuga,,,,,,,,,,
,,882,Medina,48325,September,2013,,,,PS559,0,,indictiva,,,,,,,,,,
,,883,Medina,48325,September,2013,,,,PS560,0,,indictiva,,,,,,,,,,
,,884,Medina,48325,September,2013,,,,PS561,0,,gerstaeckeri,,,,,,,,,,
,,885,Medina,48325,September,2013,,,,PS562,0,,sanguisuga,,,,,,,,,,
,,886,Medina,48325,September,2013,,,,PS563,0,,indictiva,,,,,,,,,,
,,887,Medina,48325,September,2013,,,,PS564,0,,gerstaeckeri,,,,,,,,,,
,,888,Medina,48325,September,2013,,,,PS565,0,,gerstaeckeri,,,,,,,,,,
,,889,Medina,48325,September,2013,,,,PS566,0,,gerstaeckeri,,,,,,,,,,
,,890,Medina,48325,September,2013,,,,PS567,0,,indictiva,,,,,,,,,,
,,891,Medina,48325,September,2013,,,,PS568,0,,gerstaeckeri,,,,,,,,,,
,,892,Medina,48325,September,2013,,,,PS569,0,,gerstaeckeri,,,,,,,,,,
,,893,Medina,48325,September,2013,,,,PS570,0,,gerstaeckeri,,,,,,,,,,
,,894,Medina,48325,September,2013,,,,PS571,0,,gerstaeckeri,,,,,,,,,,
,,895,Medina,48325,September,2013,,,,PS572,0,,gerstaeckeri,,,,,,,,,,
,,896,Medina,48325,September,2013,,,,PS573,0,,indictiva,,,,,,,,,,
,,897,Medina,48325,September,2013,,,,PS574,0,,gerstaeckeri,,,,,,,,,,
,,898,Medina,48325,September,2013,,,,PS575,0,,gerstaeckeri,,,,,,,,,,
,,899,Medina,48325,September,2013,,,,PS576,0,,gerstaeckeri,,,,,,,,,,
,,900,Medina,48325,September,2013,,,,PS577,0,,gerstaeckeri,,,,,,,,,,
,,901,Medina,48325,September,2013,,,,PS578,0,,gerstaeckeri,,,,,,,,,,
,,902,Medina,48325,September,2013,,,,PS579,0,,gerstaeckeri,,,,,,,,,,
,,903,Medina,48325,September,2013,,,,PS580,0,,gerstaeckeri,,,,,,,,,,
,,904,Medina,48325,September,2013,,,,PS581,0,,gerstaeckeri,,,,,,,,,,
,,905,Medina,48325,September,2013,,,,PS582,0,,gerstaeckeri,,,,,,,,,,
,,906,Medina,48325,September,2013,,,,PS583,0,,gerstaeckeri,,,,,,,,,,
,,907,Medina,48325,September,2013,,,,PS584,0,,gerstaeckeri,,,,,,,,,,
,,908,Medina,48325,September,2013,,,,PS585,0,,sanguisuga,,,,,,,,,,
,,909,Medina,48325,September,2013,,,,PS586,0,,gerstaeckeri,,,,,,,,,,
,,910,Medina,48325,September,2013,,,,PS587,0,,sanguisuga,,,,,,,,,,
,,911,Medina,48325,September,2013,,,,PS588,0,,indictiva,,,,,,,,,,
,,912,Medina,48325,September,2013,,,,PS589,0,,gerstaeckeri,,,,,,,,,,
,,913,Medina,48325,September,2013,,,,PS590,0,,gerstaeckeri,,,,,,,,,,
,,914,Medina,48325,September,2013,,,,PS591,0,,Indictiva,,,,,,,,,,
,,915,Medina,48325,September,2013,,,,PS592,0,,gerstaeckeri,,,,,,,,,,
,,916,Medina,48325,September,2013,,,,PS593,0,,indictiva,,,,,,,,,,
,,917,Medina,48325,September,2013,,,,PS594,0,,gerstaeckeri,,,,,,,,,,
,,918,Comal,48091,July,2013,,,,PS595,0,,gerstaeckeri,,,,,,,,,,
,,919,Comal,48091,July,2013,,,,PS596,0,,gerstaeckeri,,,,,,,,,,
,,920,Comal,48091,July,2013,,,,PS597,0,,gerstaeckeri,,,,,,,,,,
,,921,Comal,48091,July,2013,,,,PS598,0,,gerstaeckeri,,,,,,,,,,
,,922,Comal,48091,July,2013,,,,PS599,0,,gerstaeckeri,,,,,,,,,,
,,923,Comal,48091,July,2013,,,,PS600,0,,gerstaeckeri,,,,,,,,,,
,,924,Hays,48209,September,2013,,,,Rose001,0,,nymph,,,,,,,,,,
,,925,Hays,48209,September,2013,,,,Rose002,1,0,nymph,,,,,,,,,,
,,926,Hays,48209,September,2013,,,,Rose003,0,,nymph,,,,,,,,,,
,,927,Hays,48209,September,2013,,,,Rose004,0,,nymph,,,,,,,,,,
,,928,Hays,48209,September,2013,,,,Rose005,0,,nymph,,,,,,,,,,
,,929,Hays,48209,September,2013,,,,Rose006,0,,nymph,,,,,,,,,,
,,930,Hays,48209,September,2013,,,,Rose007,0,,nymph,,,,,,,,,,
,,931,Hays,48209,September,2013,,,,Rose008,1,0,nymph,,,,,,,,,,
,,932,Hays,48209,September,2013,,,,Rose009,0,,nymph,,,,,,,,,,
,,933,Hays,48209,September,2013,,,,Rose010,0,,nymph,,,,,,,,,,
,,934,Hays,48209,September,2013,,,,Rose011,0,,nymph,,,,,,,,,,
,,935,Hays,48209,September,2013,,,,Rose012,0,,nymph,,,,,,,,,,
,,936,Hays,48209,September,2013,,,,Rose013,0,,nymph,,,,,,,,,,
,,937,Hays,48209,September,2013,,,,Rose014,0,,nymph,,,,,,,,,,
,,938,Hays,48209,September,2013,,,,Rose015,0,,nymph,,,,,,,,,,
,,939,Hays,48209,September,2013,,,,Rose016,0,,nymph,,,,,,,,,,
,,940,Hays,48209,September,2013,,,,Rose017,0,,nymph,,,,,,,,,,
,,941,Hays,48209,September,2013,,,,Rose018,0,,nymph,,,,,,,,,,
,,942,Hays,48209,September,2013,,,,Rose019,0,,nymph,,,,,,,,,,
,,943,Hays,48209,September,2013,,,,Rose020,0,,nymph,,,,,,,,,,
,,944,Hays,48209,September,2013,,,,Rose021,0,,nymph,,,,,,,,,,
,,945,Hays,48209,September,2013,,,,Rose022,0,,nymph,,,,,,,,,,
,,946,Hays,48209,September,2013,,,,Rose023,0,,nymph,,,,,,,,,,
,,947,Hays,48209,September,2013,,,,Rose024,0,,nymph,,,,,,,,,,
,,948,Hays,48209,September,2013,,,,Rose025,1,0,nymph,,,,,,,,,,
,,949,Hays,48209,September,2013,,,,Rose026,0,,nymph,,,,,,,,,,
,,950,Hays,48209,September,2013,,,,Rose027,0,,nymph,,,,,,,,,,
,,951,Hays,48209,September,2013,,,,Rose028,0,,nymph,,,,,,,,,,
,,952,Hays,48209,September,2013,,,,Rose029,0,,nymph,,,,,,,,,,
,,953,Hays,48209,September,2013,,,,Rose030,0,,nymph,,,,,,,,,,
,,954,Hays,48209,September,2013,,,,Rose031,0,,nymph,,,,,,,,,,
,,955,Hays,48209,September,2013,,,,Rose032,0,,nymph,,,,,,,,,,
,,956,Hays,48209,September,2013,,,,Rose033,0,,nymph,,,,,,,,,,
,,957,Hays,48209,September,2013,,,,Rose034,0,,nymph,,,,,,,,,,
,,958,Hays,48209,September,2013,,,,Rose035,0,,nymph,,,,,,,,,,
,,959,Hays,48209,September,2013,,,,Rose036,0,,nymph,,,,,,,,,,
,,960,Hays,48209,September,2013,,,,Rose037,0,,nymph,,,,,,,,,,
,,961,Hays,48209,September,2013,,,,Rose038,0,,nymph,,,,,,,,,,
,,962,Hays,48209,September,2013,,,,Rose039,0,,nymph,,,,,,,,,,
,,963,Hays,48209,September,2013,,,,Rose040,0,,nymph,,,,,,,,,,
,,964,Hays,48209,September,2013,,,,Rose041,0,,nymph,,,,,,,,,,
,,965,Hays,48209,September,2013,,,,Rose042,0,,nymph,,,,,,,,,,
,,966,Hays,48209,September,2013,,,,Rose043,0,,nymph,,,,,,,,,,
,,967,Hays,48209,September,2013,,,,Rose044,0,,nymph,,,,,,,,,,
,,968,Hays,48209,September,2013,,,,Rose045,0,,nymph,,,,,,,,,,
,,969,Hays,48209,September,2013,,,,Rose046,0,,nymph,,,,,,,,,,
,,970,Hays,48209,September,2013,,,,Rose047,0,,nymph,,,,,,,,,,
,,971,Hays,48209,September,2013,,,,Rose048,0,,nymph,,,,,,,,,,
,,972,Hays,48209,September,2013,,,,Rose049,0,,nymph,,,,,,,,,,
,,973,Hays,48209,September,2013,,,,Rose050,0,,nymph,,,,,,,,,,
,,974,Hays,48209,September,2013,,,,Rose051,0,,nymph,,,,,,,,,,
,,975,Hays,48209,September,2013,,,,Rose052,0,,nymph,,,,,,,,,,
,,976,Hays,48209,September,2013,,,,Rose053,0,,nymph,,,,,,,,,,
,,977,Hays,48209,September,2013,,,,Rose054,0,,nymph,,,,,,,,,,
,,978,Hays,48209,September,2013,,,,Rose055,0,,nymph,,,,,,,,,,
,,979,Hays,48209,September,2013,,,,Rose056,0,,nymph,,,,,,,,,,
,,980,Hays,48209,September,2013,,,,Rose057,0,,nymph,,,,,,,,,,
,,981,Hays,48209,September,2013,,,,Rose058,0,,nymph,,,,,,,,,,
,,982,Hays,48209,September,2013,,,,Rose059,0,,nymph,,,,,,,,,,
,,983,Hays,48209,September,2013,,,,Rose060,0,,nymph,,,,,,,,,,
,,984,Hays,48209,September,2013,,,,Rose061,0,,nymph,,,,,,,,,,
,,985,Hays,48209,September,2013,,,,Rose062,0,,nymph,,,,,,,,,,
,,986,Hays,48209,September,2013,,,,Rose063,0,,nymph,,,,,,,,,,
,,987,Hays,48209,September,2013,,,,Rose064,0,,nymph,,,,,,,,,,
,,988,Hays,48209,September,2013,,,,Rose065,0,,nymph,,,,,,,,,,
,,989,Hays,48209,September,2013,,,,Rose066,0,,nymph,,,,,,,,,,
,,990,Hays,48209,September,2013,,,,Rose067,0,,nymph,,,,,,,,,,
,,991,Hays,48209,September,2013,,,,Rose068,0,,nymph,,,,,,,,,,
,,992,Hays,48209,September,2013,,,,Rose069,0,,nymph,,,,,,,,,,
,,993,Hays,48209,September,2013,,,,Rose070,0,,nymph,,,,,,,,,,
,,994,Hays,48209,September,2013,,,,Rose071,0,,nymph,,,,,,,,,,
,,995,Hays,48209,September,2013,,,,Rose072,0,,nymph,,,,,,,,,,
,,996,Hays,48209,September,2013,,,,Rose073,0,,nymph,,,,,,,,,,
,,997,Hays,48209,September,2013,,,,Rose074,0,,nymph,,,,,,,,,,
,,998,Hays,48209,September,2013,,,,Rose075,0,,nymph,,,,,,,,,,
,,999,Hays,48209,September,2013,,,,Rose076,0,,nymph,,,,,,,,,,
,,1000,Hays,48209,September,2013,,,,Rose077,0,,nymph,,,,,,,,,,
,,1001,Hays,48209,September,2013,,,,Rose078,0,,nymph,,,,,,,,,,
,,1002,Hays,48209,September,2013,,,,Rose079,0,,nymph,,,,,,,,,,
,,1003,Hays,48209,September,2013,,,,Rose080,0,,nymph,,,,,,,,,,
,,1004,Hays,48209,September,2013,,,,Rose081,0,,nymph,,,,,,,,,,
,,1005,Hays,48209,September,2013,,,,Rose082,0,,nymph,,,,,,,,,,
,,1006,Hays,48209,September,2013,,,,Rose083,0,,nymph,,,,,,,,,,
,,1007,Hays,48209,September,2013,,,,Rose084,0,,nymph,,,,,,,,,,
,,1008,Hays,48209,September,2013,,,,Rose085,0,,nymph,,,,,,,,,,
,,1009,Hays,48209,September,2013,,,,Rose086,0,,nymph,,,,,,,,,,
,,1010,Comal,48091,July,2013,,,,PS601,0,,sanguisuga,,,,,,,,,,
,,1011,Comal,48091,July,2013,,,,PS602,0,,gerstaeckeri,,,,,,,,,,
,,1012,Comal,48091,September,2013,,,,PS603,0,,indictiva,,,,,,,,,,
,,1013,Comal,48091,July,2013,,,,PS604,0,,gerstaeckeri,,,,,,,,,,
,,1014,Comal,48091,July,2013,,,,PS605,0,,gerstaeckeri,,,,,,,,,,
,,1015,Comal,48091,,,,,,PS606,0,,gerstaeckeri,,,,,,,,,,
,,1016,Comal,48091,,,,,,PS607,0,,gerstaeckeri,,,,,,,,,,
,,1017,Comal,48091,July,2013,,,,PS608,0,,gerstaeckeri,,,,,,,,,,
,,1018,Comal,48091,,,,,,PS609,0,,gerstaeckeri,,,,,,,,,,
,,1019,Comal,48091,,,,,,PS610,0,,gerstaeckeri,,,,,,,,,,
,,1020,Comal,48091,,,,,,PS611,0,,gerstaeckeri,,,,,,,,,,
,,1021,Comal,48091,August,2013,,,,PS612,0,,gerstaeckeri,,,,,,,,,,
,,1022,Comal,48091,,,,,,PS613,0,,gerstaeckeri,,,,,,,,,,
,,1023,Comal,48091,,,,,,PS614,0,,gerstaeckeri,,,,,,,,,,
,,1024,Comal,48091,September,2013,,,,PS615,0,,gerstaeckeri,,,,,,,,,,
,,1025,Comal,48091,July,2013,,,,PS616,0,,gerstaeckeri,,,,,,,,,,
,,1026,Comal,48091,July,2013,,,,PS617,0,,gerstaeckeri,,,,,,,,,,
,,1027,Comal,48091,July,2013,,,,PS618,0,,gerstaeckeri,,,,,,,,,,
,,1028,Comal,48091,,,,,,PS619,0,,gerstaeckeri,,,,,,,,,,
,,1029,Comal,48091,,,,,,PS620,0,,gerstaeckeri,,,,,,,,,,
,,1030,Comal,48091,,,,,,PS621,0,,gerstaeckeri,,,,,,,,,,
,,1031,Comal,48091,,,,,,PS622,0,,gerstaeckeri,,,,,,,,,,
,,1032,Comal,48091,,,,,,PS623,0,,gerstaeckeri,,,,,,,,,,
,,1033,Comal,48091,,,,,,PS624,0,,gerstaeckeri,,,,,,,,,,
,,1034,Comal,48091,,,,,,PS625,0,,gerstaeckeri,,,,,,,,,,
,,1035,Comal,48091,,,,,,PS626,0,,gerstaeckeri,,,,,,,,,,
,,1036,Hays,48209,September,2013,,,,PS627,0,,sanguisuga,,,,,,,,,,
,,1037,Hays,48209,September,2013,,,,PS628,0,,unknown,,,,,,,,,,
,,1038,Hays,48209,September,2013,,,,PS629,0,,gerstaeckeri,,,,,,,,,,
,,1039,Hays,48209,September,2013,,,,PS630,0,,sanguisuga,,,,,,,,,,
,,1040,Hays,48209,September,2013,,,,PS631,0,,sanguisuga,,,,,,,,,,
,,1041,Hays,48209,September,2013,,,,PS632,0,,sanguisuga,,,,,,,,,,
,,1042,Hays,48209,September,2013,,,,PS633,0,,nymph,,,,,,,,,,
,,1043,Hays,48209,September,2013,,,,PS634,0,,sanguisuga,,,,,,,,,,
,,1044,Hays,48209,September,2013,,,,PS635,0,,gerstaeckeri,,,,,,,,,,
,,1045,Comal,48091,September,2013,,,,PS636,0,,indictiva,,,,,,,,,,
,,1046,Comal,48091,July,2013,,,,PS637,0,,gerstaeckeri,,,,,,,,,,
,,1047,Comal,48091,July,2013,,,,PS638,0,,gerstaeckeri,,,,,,,,,,
,,1048,Comal,48091,September,2013,,,,PS639,0,,indictiva,,,,,,,,,,
,,1049,Comal,48091,September,2013,,,,PS640,0,,indictiva,,,,,,,,,,
,,1050,Comal,48091,July,2013,,,,PS641,0,,indictiva,,,,,,,,,,
,,1051,Comal,48091,September,2013,,,,PS642,0,,nymph,,,,,,,,,,
,,1052,Comal,48091,September,2013,,,,PS643,0,,indictiva,,,,,,,,,,
,,1053,Comal,48091,July,2013,,,,PS644,0,,gerstaeckeri,,,,,,,,,,
,,1054,Comal,48091,September,2013,,,,PS645,0,,gerstaeckeri,,,,,,,,,,
,,1055,Comal,48091,September,2013,,,,PS646,0,,gerstaeckeri,,,,,,,,,,
,,1056,Comal,48091,July,2013,,,,PS647,0,,gerstaeckeri,,,,,,,,,,
,,1057,Comal,48091,September,2013,,,,PS648,0,,sanguisuga,,,,,,,,,,
,,1058,Comal,48091,September,2013,,,,PS649,0,,gerstaeckeri,,,,,,,,,,
,,1059,Comal,48091,September,2013,,,,PS650,0,,nymph,,,,,,,,,,
,,1060,Medina,48325,July,2013,,,,PS651,0,,gerstaeckeri,,,,,,,,,,
,,1061,Medina,48325,July,2013,,,,PS652,0,,gerstaeckeri,,,,,,,,,,
,,1062,Medina,48325,July,2013,,,,PS653,0,,gerstaeckeri,,,,,,,,,,
,,1063,Medina,48325,July,2013,,,,PS654,0,,gerstaeckeri,,,,,,,,,,
,,1064,Medina,48325,July,2013,,,,PS655,0,,gerstaeckeri,,,,,,,,,,
,,1065,Medina,48325,July,2013,,,,PS656,0,,gerstaeckeri,,,,,,,,,,
,,1066,Medina,48325,June,2013,,,,PS657,0,,gerstaeckeri,,,,,,,,,,
,,1067,Medina,48325,July,2013,,,,PS658,0,,gerstaeckeri,,,,,,,,,,
,,1068,Medina,48325,July,2013,,,,PS659,0,,gerstaeckeri,,,,,,,,,,
,,1069,Medina,48325,June,2013,,,,PS660,0,,gerstaeckeri,,,,,,,,,,
,,1070,Medina,48325,June,2013,,,,PS661,0,,gerstaeckeri,,,,,,,,,,
,,1071,Medina,48325,June,2013,,,,PS662,0,,gerstaeckeri,,,,,,,,,,
,,1072,Medina,48325,June,2013,,,,PS663,0,,gerstaeckeri,,,,,,,,,,
,,1073,Medina,48325,June,2013,,,,PS664,0,,gerstaeckeri,,,,,,,,,,
,,1074,Medina,48325,June,2013,,,,PS665,0,,gerstaeckeri,,,,,,,,,,
,,1075,Medina,48325,June,2013,,,,PS666,0,,gerstaeckeri,,,,,,,,,,
,,1076,Medina,48325,June,2013,,,,PS667,0,,gerstaeckeri,,,,,,,,,,
,,1077,Medina,48325,June,2013,,,,PS668,0,,gerstaeckeri,,,,,,,,,,
,,1078,Medina,48325,July,2013,,,,PS669,0,,gerstaeckeri,,,,,,,,,,
,,1079,Medina,48325,July,2013,,,,PS670,0,,gerstaeckeri,,,,,,,,,,
,,1080,Medina,48325,July,2013,,,,PS671,0,,gerstaeckeri,,,,,,,,,,
,,1081,Medina,48325,July,2013,,,,PS672,0,,gerstaeckeri,,,,,,,,,,
,,1082,Medina,48325,July,2013,,,,PS673,0,,gerstaeckeri,,,,,,,,,,
,,1083,Medina,48325,July,2013,,,,PS674,0,,gerstaeckeri,,,,,,,,,,
,,1084,Montgomery,48339,November,2013,,,,PS675,1,0,nymph,,,,,,,,,,
,,1085,Milam,48331,September,2013,,,,PS676,0,,gerstaeckeri,,,,,,,,,,
,,1086,Blanco,48031,September,2013,,,,PS677,1,0,indictiva,,,,,,,,,,
,,1087,Blanco,48031,September,2013,,,,PS678,1,0,sanguisuga,,,,,,,,,,
,,1088,Blanco,48031,October,2013,,,,PS679,0,,gerstaeckeri,,,,,,,,,,
,,1089,Blanco,48031,September,2013,,,,PS680,1,1,indictive,,,,,,,,,,
,,1090,Blanco,48031,October,2013,,,,PS681,1,0,indictiva,,,,,,,,,,
,,1091,Blanco,48031,October,2013,,,,PS682,1,1,indictiva,,,,,,,,,,
,,1092,Houston,48225,September,2013,,,,PS683,1,0,sanguisuga,,,,,,,,,,
,,1093,Bastrop,48021,September,2013,,,,PS684,1,1,gerstaeckeri,,,,,,,,,,
,,1094,Freestone,48161,September,2013,,,,PS685,1,1,sanguisuga,,,,,,,,,,
,,1095,Navarro,48349,September,2013,,,,PS686,1,0,sanguisuga,,,,,,,,,,
,,1096,Hamilton,48193,September,2013,,,,PS687,1,1,sanguisuga,,,,,,,,,,
,,1097,Floyd,48153,June,2013,,,,PS688,1,1,unknown,,,,,,,,,,
,,1098,Floyd,48153,June,2013,,,,PS689,1,0,unknown,,,,,,,,,,
,,1099,Floyd,48153,June,2013,,,,PS690,1,0,unknown,,,,,,,,,,
,,1100,Floyd,48153,June,2013,,,,PS691,1,0,unknown,,,,,,,,,,
,,1101,Guadalupe,48187,July,2013,,,,PS692,1,1,gerstaeckeri,,,,,,,,,,
,,1102,Guadalupe,48187,October,2013,,,,PS693,1,1,sanguisuga,,,,,,,,,,
,,1103,Kerr,48265,October,2013,,,,PS694,1,0,sanguisuga,,,,,,,,,,
,,1104,Kleberg,48273,October,2013,,,,PS695,1,1,gerstaeckeri,,,,,,,,,,
,,1105,Bexar,48029,June,2013,,,,PS696,1,1,gerstaeckeri,,,,,,,,,,
,,1106,Bexar,48029,,2013,,,,PS697,1,1,gerstaeckeri,,,,,,,,,,
,,1107,Bexar,48029,July,2013,,,,PS698,1,1,gerstaeckeri,,,,,,,,,,
,,1108,Bexar,48029,July,2013,,,,PS699,1,1,gerstaeckeri,,,,,,,,,,
,,1109,Bexar,48029,June,2013,,,,PS700,1,1,gerstaeckeri,,,,,,,,,,
,,1110,Bexar,48029,July,2013,,,,PS701,1,1,gerstaeckeri,,,,,,,,,,
,,1111,Bexar,48029,June,2013,,,,PS702,0,,gerstaeckeri,,,,,,,,,,
,,1112,Bexar,48029,July,2013,,,,PS703,0,,gerstaeckeri,,,,,,,,,,
,,1113,Bexar,48029,July,2013,,,,PS704,0,,gerstaeckeri,,,,,,,,,,
,,1114,,,August,2013,,,,PS705,0,,sanguisuga,,,,,,,,,,
,,1115,,,October,2013,,,,PS706,1,1,sanguisuga,,,,,,,,,,
,,1116,Lampasas,48281,October,2013,,,,PS707,1,0,sanguisuga,,,,,,,,,,
,,1117,Comal,48091,,,,,,PS708,1,1,sanguisuga,,,,,,,,,,
,,1118,Comal,48091,,,,,,PS709,1,0,gerstaeckeri,,,,,,,,,,
,,1119,Comal,48091,October,2012,,,,PS710,0,,gerstaeckeri,,,,,,,,,,
,,1120,Comal,48091,August,2012,,,,PS711,0,,indictiva,,,,,,,,,,
,,1121,Comal,48091,September,2011,,,,PS712,1,0,sanguisuga,,,,,,,,,,
,,1122,Comal,48091,September,2011,,,,PS713,0,,sanguisuga,,,,,,,,,,
,,1123,Comal,48091,July,2012,,,,PS714,0,,gerstaeckeri,,,,,,,,,,
,,1124,Comal,48091,May,2013,,,,PS715,0,,gerstaeckeri,,,,,,,,,,
,,1125,Comal,48091,September,2011,,,,PS716,0,,sanguisuga,,,,,,,,,,
,,1126,Comal,48091,July,2012,,,,PS717,0,,gerstaeckeri,,,,,,,,,,
,,1127,Comal,48091,December,2011,,,,PS718,0,,gerstaeckeri,,,,,,,,,,
,,1128,Comal,48091,December,2011,,,,PS719,0,,gerstaeckeri,,,,,,,,,,
,,1129,Comal,48091,,,,,,PS720,0,,nymph,,,,,,,,,,
,,1130,Comal,48091,,,,,,PS721,0,,nymph,,,,,,,,,,
,,1131,Comal,48091,,,,,,PS722,0,,gerstaeckeri,,,,,,,,,,
,,1132,Comal,48091,,,,,,PS723,0,,nymph,,,,,,,,,,
,,1133,Comal,48091,,,,,,PS724,0,,nymph,,,,,,,,,,
,,1134,Fayette,48149,November,2013,,,,PS725,0,,nymph,,,,,,,,,,
,,1135,,,,,,,,PS726,0,,sanguisuga,,,,,,,,,,
,,1136,,,September,2013,,,,PS727,0,,sanguisuga,,,,,,,,,,
,,1137,,,September,2013,,,,PS728,0,,nymph,,,,,,,,,,
,,1138,,,September,2013,,,,PS729,0,,sanguisuga,,,,,,,,,,
,,1139,Hays,48209,September,2013,,,,PS730,0,,gerstaeckeri,,,,,,,,,,
,,1140,Medina,48325,July,,,,,PS731,0,,gerstaeckeri,,,,,,,,,,
,,1141,Medina,48325,July,,,,,PS732,0,,indictiva,,,,,,,,,,
,,1142,Medina,48325,July,,,,,PS733,0,,gerstaeckeri,,,,,,,,,,
,,1143,Medina,48325,June,,,,,PS734,0,,sanguisuga,,,,,,,,,,
,,1144,Medina,48325,June,,,,,PS735,0,,gerstaeckeri,,,,,,,,,,
,,1145,Medina,48325,June,,,,,PS736,0,,gerstaeckeri,,,,,,,,,,
,,1146,Medina,48325,June,,,,,PS737,0,,gerstaeckeri,,,,,,,,,,
,,1147,Medina,48325,July,,,,,PS738,0,,gerstaeckeri,,,,,,,,,,
,,1148,Medina,48325,June,,,,,PS739,0,,gerstaeckeri,,,,,,,,,,
,,1149,Hays,48209,October,2013,,,,PS740,0,,gerstaeckeri,,,,,,,,,,
,,1150,Denton,48121,,,,,,PS741,0,,sanguisuga,,,,,,,,,,
,,1151,Bastrop,48021,September,2013,,,,PS742,0,,lecticularia,,,,,,,,,,
,,1152,Bexar,48029,,,,,,PS743,0,,gerstaeckeri,,,,,,,,,,
,,1153,Bexar,48029,,,,,,PS744,0,,gerstaeckeri,,,,,,,,,,
,,1154,Fayette,48149,,,,,,PS745,0,,gerstaeckeri,,,,,,,,,,
,,1155,Fayette,48149,,,,,,PS746,0,,gerstaeckeri,,,,,,,,,,
,,1156,Fayette,48149,,,,,,PS747,0,,gerstaeckeri,,,,,,,,,,
,,1157,,,,,,,,PS748,0,,gerstaeckeri,,,,,,,,,,
,,1158,,,,,,,,PS749,0,,gerstaeckeri,,,,,,,,,,
,,1159,,,,,,,,PS750,0,,gerstaeckeri,,,,,,,,,,
,,1160,,,,,,,,PS751,0,,gerstaeckeri,,,,,,,,,,
,,1161,,,,,,,,PS752,0,,gerstaeckeri,,,,,,,,,,
,,1162,,,,,,,,PS753,0,,gerstaeckeri,,,,,,,,,,
,,1163,,,,,,,,PS754,0,,gerstaeckeri,,,,,,,,,,
,,1164,,,,,,,,PS755,0,,gerstaeckeri,,,,,,,,,,
,,1165,,,,,,,,PS756,0,,gerstaeckeri,,,,,,,,,,
,,1166,,,,,,,,PS757,0,,unknown,,,,,,,,,,
,,1167,Blanco,48031,,,,,,PS758,0,,,,,,,,,,,,
,,1168,Blanco,48031,,,,,,PS759,0,,,,,,,,,,,,
,,1169,Blanco,48031,,,,,,PS760,0,,,,,,,,,,,,
,,1170,Comal,48091,,2013,,,,PS761,0,,gerstaeckeri,,,,,,,,,,
,,1171,Comal,48091,,2013,,,,PS762,0,,gerstaeckeri,,,,,,,,,,
,,1172,Comal,48091,,2013,,,,PS763,0,,gerstaeckeri,,,,,,,,,,
,,1173,Comal,48091,,2013,,,,PS764,0,,gerstaeckeri,,,,,,,,,,
,,1174,Comal,48091,,2013,,,,PS765,0,,gerstaeckeri,,,,,,,,,,
,,1175,Comal,48091,,2013,,,,PS766,0,,gerstaeckeri,,,,,,,,,,
,,1176,Comal,48091,,2013,,,,PS767,0,,gerstaeckeri,,,,,,,,,,
,,1177,Comal,48091,,2013,,,,PS768,0,,nymph,,,,,,,,,,
,,1178,Comal,48091,,2013,,,,PS769,0,,gerstaeckeri,,,,,,,,,,
,,1179,Comal,48091,,2013,,,,PS770,0,,gerstaeckeri,,,,,,,,,,
,,1180,Comal,48091,,2013,,,,PS771,0,,gerstaeckeri,,,,,,,,,,
,,1181,Comal,48091,,2013,,,,PS772,0,,gerstaeckeri,,,,,,,,,,
,,1182,Comal,48091,,2013,,,,PS773,0,,indictiva,,,,,,,,,,
